param1,param2,param3,lik
0.001,0.5,0.1,-237.6740979500625
0.001,0.5,0.15000000000000002,-183.67623290251822
0.001,0.5,0.2,-180.24835100889447
0.001,0.5,0.25,-177.55344958093337
0.001,0.5,0.30000000000000004,-176.30497735803567
0.001,0.5,0.35,-172.69953631481553
0.001,0.5,0.4,-171.7177586427037
0.001,0.5,0.45000000000000007,-171.83764032865673
0.001,0.5,0.5,-171.6856715069988
0.001,0.5,0.55,-169.83576046031726
0.001,0.5,0.6,-170.64647631092316
0.001,0.55,0.1,-189.4806414214578
0.001,0.55,0.15000000000000002,-183.0870801866987
0.001,0.55,0.2,-178.88335049217437
0.001,0.55,0.25,-175.84336824420194
0.001,0.55,0.30000000000000004,-174.8542153427976
0.001,0.55,0.35,-171.9112803605713
0.001,0.55,0.4,-172.37311436439984
0.001,0.55,0.45000000000000007,-171.19817466970625
0.001,0.55,0.5,-170.4874802604291
0.001,0.55,0.55,-170.40622063691745
0.001,0.55,0.6,-169.9131309198754
0.001,0.6,0.1,-192.10094840494105
0.001,0.6,0.15000000000000002,-179.75837600867453
0.001,0.6,0.2,-178.10161173259291
0.001,0.6,0.25,-173.38726790923175
0.001,0.6,0.30000000000000004,-172.86986831664683
0.001,0.6,0.35,-171.01440389465893
0.001,0.6,0.4,-171.02598232908338
0.001,0.6,0.45000000000000007,-170.5974245870077
0.001,0.6,0.5,-170.78152903124374
0.001,0.6,0.55,-170.55879461020533
0.001,0.6,0.6,-171.90000449509876
0.001,0.65,0.1,-190.50213954204156
0.001,0.65,0.15000000000000002,-184.16283808856394
0.001,0.65,0.2,-176.84064567978282
0.001,0.65,0.25,-173.5859035134594
0.001,0.65,0.30000000000000004,-173.56877044920913
0.001,0.65,0.35,-171.88135502346807
0.001,0.65,0.4,-170.98003583178308
0.001,0.65,0.45000000000000007,-172.01311055817268
0.001,0.65,0.5,-171.18236693351184
0.001,0.65,0.55,-171.11272139428348
0.001,0.65,0.6,-170.94412006513937
0.001,0.7,0.1,-189.82598391292868
0.001,0.7,0.15000000000000002,-182.33216120679873
0.001,0.7,0.2,-177.25724316121278
0.001,0.7,0.25,-172.93953886506574
0.001,0.7,0.30000000000000004,-173.24232231458456
0.001,0.7,0.35,-170.14727129845664
0.001,0.7,0.4,-170.81743725680195
0.001,0.7,0.45000000000000007,-171.37231054263805
0.001,0.7,0.5,-170.5693578111713
0.001,0.7,0.55,-172.36384329879388
0.001,0.7,0.6,-170.3404696258766
0.001,0.75,0.1,-198.5694801095861
0.001,0.75,0.15000000000000002,-182.61993946137846
0.001,0.75,0.2,-177.2738691621509
0.001,0.75,0.25,-174.6096616311769
0.001,0.75,0.30000000000000004,-173.0968136150106
0.001,0.75,0.35,-175.16133786671156
0.001,0.75,0.4,-171.51675278486232
0.001,0.75,0.45000000000000007,-170.73941301934485
0.001,0.75,0.5,-172.02068452403734
0.001,0.75,0.55,-171.41644711558615
0.001,0.75,0.6,-170.59311012146327
0.001,0.8,0.1,-191.93448859940855
0.001,0.8,0.15000000000000002,-183.34395175316774
0.001,0.8,0.2,-176.42605792854334
0.001,0.8,0.25,-172.25449671249612
0.001,0.8,0.30000000000000004,-173.15464396915837
0.001,0.8,0.35,-171.87040501060306
0.001,0.8,0.4,-170.7111523956973
0.001,0.8,0.45000000000000007,-170.88538135734387
0.001,0.8,0.5,-170.12595274367789
0.001,0.8,0.55,-170.54430506556514
0.001,0.8,0.6,-169.7066169677259
0.001,0.8500000000000001,0.1,-190.93242977705745
0.001,0.8500000000000001,0.15000000000000002,-181.44943726440675
0.001,0.8500000000000001,0.2,-176.3928135599134
0.001,0.8500000000000001,0.25,-172.8639064533255
0.001,0.8500000000000001,0.30000000000000004,-171.46482959797805
0.001,0.8500000000000001,0.35,-171.3010293238894
0.001,0.8500000000000001,0.4,-171.6156006188038
0.001,0.8500000000000001,0.45000000000000007,-171.46171207745812
0.001,0.8500000000000001,0.5,-170.46222515376934
0.001,0.8500000000000001,0.55,-170.15256341883253
0.001,0.8500000000000001,0.6,-169.9174402648385
0.001,0.9,0.1,-182.09494118921566
0.001,0.9,0.15000000000000002,-180.28716453976847
0.001,0.9,0.2,-175.19417163525583
0.001,0.9,0.25,-171.21085114326252
0.001,0.9,0.30000000000000004,-171.1729055690729
0.001,0.9,0.35,-172.26539496590487
0.001,0.9,0.4,-169.18729657740437
0.001,0.9,0.45000000000000007,-169.2757460901966
0.001,0.9,0.5,-169.3446412255375
0.001,0.9,0.55,-169.646328946881
0.001,0.9,0.6,-169.97745748482328
0.001,0.95,0.1,-195.55136205687012
0.001,0.95,0.15000000000000002,-177.9968590293575
0.001,0.95,0.2,-174.44076068515602
0.001,0.95,0.25,-173.8637103693992
0.001,0.95,0.30000000000000004,-172.28643556254855
0.001,0.95,0.35,-172.10324524704083
0.001,0.95,0.4,-170.48154432259832
0.001,0.95,0.45000000000000007,-169.25147387632057
0.001,0.95,0.5,-170.6952003265547
0.001,0.95,0.55,-170.76695783878245
0.001,0.95,0.6,-171.22745471843018
0.001,1,0.1,-234.05012509331368
0.001,1,0.15000000000000002,-179.69927362191459
0.001,1,0.2,-173.69916010206424
0.001,1,0.25,-172.20674778759837
0.001,1,0.30000000000000004,-171.77038436647678
0.001,1,0.35,-170.3625415543462
0.001,1,0.4,-170.96345908198862
0.001,1,0.45000000000000007,-170.46310755503112
0.001,1,0.5,-168.84654397150348
0.001,1,0.55,-169.89296112069945
0.001,1,0.6,-169.5641204634913
0.002,0.5,0.1,-168.3663780623666
0.002,0.5,0.15000000000000002,-157.81713388255173
0.002,0.5,0.2,-153.55071179438767
0.002,0.5,0.25,-152.51557592035903
0.002,0.5,0.30000000000000004,-149.31782762399723
0.002,0.5,0.35,-148.59288164448475
0.002,0.5,0.4,-147.5980059449248
0.002,0.5,0.45000000000000007,-147.29266187620402
0.002,0.5,0.5,-147.28765537131216
0.002,0.5,0.55,-148.7655376058359
0.002,0.5,0.6,-146.638393318642
0.002,0.55,0.1,-170.50366557895376
0.002,0.55,0.15000000000000002,-158.05191958699078
0.002,0.55,0.2,-152.3321591350081
0.002,0.55,0.25,-149.32400584979445
0.002,0.55,0.30000000000000004,-148.81694529149252
0.002,0.55,0.35,-148.06144241403825
0.002,0.55,0.4,-146.95385849733646
0.002,0.55,0.45000000000000007,-147.9705234929623
0.002,0.55,0.5,-148.69802203445937
0.002,0.55,0.55,-147.43531800548476
0.002,0.55,0.6,-147.89975891961205
0.002,0.6,0.1,-170.03516144791462
0.002,0.6,0.15000000000000002,-153.42876826541533
0.002,0.6,0.2,-150.97895252362144
0.002,0.6,0.25,-148.84166985730315
0.002,0.6,0.30000000000000004,-149.25197429513048
0.002,0.6,0.35,-147.55899798240273
0.002,0.6,0.4,-148.4011636112773
0.002,0.6,0.45000000000000007,-148.44276529677785
0.002,0.6,0.5,-146.69260910365676
0.002,0.6,0.55,-148.40178025612477
0.002,0.6,0.6,-146.07827644628077
0.002,0.65,0.1,-170.72968743344632
0.002,0.65,0.15000000000000002,-154.1675455288012
0.002,0.65,0.2,-150.90977026911003
0.002,0.65,0.25,-150.1792773015173
0.002,0.65,0.30000000000000004,-147.5491086565458
0.002,0.65,0.35,-147.96754449793167
0.002,0.65,0.4,-147.81197348498802
0.002,0.65,0.45000000000000007,-146.6893890276698
0.002,0.65,0.5,-147.5344870410168
0.002,0.65,0.55,-146.22191617092994
0.002,0.65,0.6,-146.86901901947277
0.002,0.7,0.1,-155.15976207869744
0.002,0.7,0.15000000000000002,-154.26957445673014
0.002,0.7,0.2,-149.93417244570753
0.002,0.7,0.25,-147.30673756526363
0.002,0.7,0.30000000000000004,-147.61416563363616
0.002,0.7,0.35,-147.5506960023942
0.002,0.7,0.4,-146.37315667052036
0.002,0.7,0.45000000000000007,-146.82031924632673
0.002,0.7,0.5,-146.81519805418753
0.002,0.7,0.55,-146.6875051383796
0.002,0.7,0.6,-145.80734336812083
0.002,0.75,0.1,-163.90620296670664
0.002,0.75,0.15000000000000002,-155.32082610101094
0.002,0.75,0.2,-146.88645180321345
0.002,0.75,0.25,-148.8109591947479
0.002,0.75,0.30000000000000004,-148.22993068068342
0.002,0.75,0.35,-147.13254423938497
0.002,0.75,0.4,-146.67437829597134
0.002,0.75,0.45000000000000007,-146.6066613596547
0.002,0.75,0.5,-145.6632119919808
0.002,0.75,0.55,-148.2365153096108
0.002,0.75,0.6,-146.5669584776038
0.002,0.8,0.1,-162.67509154597673
0.002,0.8,0.15000000000000002,-151.79286277886018
0.002,0.8,0.2,-149.28788717146796
0.002,0.8,0.25,-146.5411565427719
0.002,0.8,0.30000000000000004,-147.63857871792283
0.002,0.8,0.35,-146.12891325098656
0.002,0.8,0.4,-147.224552157311
0.002,0.8,0.45000000000000007,-146.73972493458461
0.002,0.8,0.5,-146.78438525643026
0.002,0.8,0.55,-146.75520381896473
0.002,0.8,0.6,-147.90901655723292
0.002,0.8500000000000001,0.1,-160.34190383014715
0.002,0.8500000000000001,0.15000000000000002,-153.7109204919251
0.002,0.8500000000000001,0.2,-148.58673988148183
0.002,0.8500000000000001,0.25,-147.08099187118017
0.002,0.8500000000000001,0.30000000000000004,-147.20712554317004
0.002,0.8500000000000001,0.35,-146.89017296996963
0.002,0.8500000000000001,0.4,-145.98037032495688
0.002,0.8500000000000001,0.45000000000000007,-146.87105444915574
0.002,0.8500000000000001,0.5,-147.3521290444997
0.002,0.8500000000000001,0.55,-147.02299127787904
0.002,0.8500000000000001,0.6,-146.84092040965396
0.002,0.9,0.1,-160.56055364056078
0.002,0.9,0.15000000000000002,-154.53973015341558
0.002,0.9,0.2,-148.13807805901308
0.002,0.9,0.25,-148.08348938236037
0.002,0.9,0.30000000000000004,-147.06570200796546
0.002,0.9,0.35,-145.52903529517187
0.002,0.9,0.4,-146.27027519793728
0.002,0.9,0.45000000000000007,-145.94692696752202
0.002,0.9,0.5,-145.6104730648825
0.002,0.9,0.55,-147.37935079818874
0.002,0.9,0.6,-146.3688923161218
0.002,0.95,0.1,-161.42352135897784
0.002,0.95,0.15000000000000002,-152.50314347650868
0.002,0.95,0.2,-148.1652952746444
0.002,0.95,0.25,-147.64764894869325
0.002,0.95,0.30000000000000004,-146.63925414905924
0.002,0.95,0.35,-145.10794933793147
0.002,0.95,0.4,-145.6621262031054
0.002,0.95,0.45000000000000007,-146.49045458692558
0.002,0.95,0.5,-145.537655718044
0.002,0.95,0.55,-145.79546123403588
0.002,0.95,0.6,-147.09508591336635
0.002,1,0.1,-160.10296180500717
0.002,1,0.15000000000000002,-150.9437124601763
0.002,1,0.2,-148.79818177650805
0.002,1,0.25,-147.7468814650564
0.002,1,0.30000000000000004,-145.73665781048544
0.002,1,0.35,-147.4811734957559
0.002,1,0.4,-146.46676759347656
0.002,1,0.45000000000000007,-147.11919342063572
0.002,1,0.5,-146.20896955249918
0.002,1,0.55,-146.0896593662016
0.002,1,0.6,-146.8100979358788
0.003,0.5,0.1,-159.46003360025964
0.003,0.5,0.15000000000000002,-145.88403931253822
0.003,0.5,0.2,-143.5996662035784
0.003,0.5,0.25,-142.12644212767572
0.003,0.5,0.30000000000000004,-140.66231728604401
0.003,0.5,0.35,-140.63900724919222
0.003,0.5,0.4,-139.82125932763404
0.003,0.5,0.45000000000000007,-139.80963729437184
0.003,0.5,0.5,-139.50352813026672
0.003,0.5,0.55,-139.62918403694124
0.003,0.5,0.6,-139.86802142637657
0.003,0.55,0.1,-156.18321486043902
0.003,0.55,0.15000000000000002,-146.3346372201715
0.003,0.55,0.2,-141.34728989021204
0.003,0.55,0.25,-142.11684975578748
0.003,0.55,0.30000000000000004,-141.1417848734344
0.003,0.55,0.35,-140.30751737163183
0.003,0.55,0.4,-138.2449839499589
0.003,0.55,0.45000000000000007,-139.16403462538563
0.003,0.55,0.5,-138.8156374663804
0.003,0.55,0.55,-140.03860188523555
0.003,0.55,0.6,-140.907840646524
0.003,0.6,0.1,-154.9800038942364
0.003,0.6,0.15000000000000002,-148.7362548226788
0.003,0.6,0.2,-145.2615063169991
0.003,0.6,0.25,-140.52686483194515
0.003,0.6,0.30000000000000004,-138.91706270591465
0.003,0.6,0.35,-140.08173204929494
0.003,0.6,0.4,-138.79504480803718
0.003,0.6,0.45000000000000007,-139.7011248727071
0.003,0.6,0.5,-139.5787336968512
0.003,0.6,0.55,-139.44440023695967
0.003,0.6,0.6,-140.59590677676647
0.003,0.65,0.1,-184.48451584290075
0.003,0.65,0.15000000000000002,-148.23630746939102
0.003,0.65,0.2,-142.4782499230609
0.003,0.65,0.25,-142.32084679460365
0.003,0.65,0.30000000000000004,-139.63202416193707
0.003,0.65,0.35,-140.11115952568622
0.003,0.65,0.4,-139.80537516127583
0.003,0.65,0.45000000000000007,-139.58451574580891
0.003,0.65,0.5,-139.1557884023179
0.003,0.65,0.55,-138.70430831949824
0.003,0.65,0.6,-140.8118125396091
0.003,0.7,0.1,-152.97574912264525
0.003,0.7,0.15000000000000002,-145.49970778533526
0.003,0.7,0.2,-141.88122867642892
0.003,0.7,0.25,-141.64958227491178
0.003,0.7,0.30000000000000004,-138.65286733058247
0.003,0.7,0.35,-139.65075066878904
0.003,0.7,0.4,-139.5626087019395
0.003,0.7,0.45000000000000007,-138.3355328220802
0.003,0.7,0.5,-137.6467064226356
0.003,0.7,0.55,-138.57355562154817
0.003,0.7,0.6,-138.62481111029462
0.003,0.75,0.1,-160.620152310989
0.003,0.75,0.15000000000000002,-143.74778075660623
0.003,0.75,0.2,-144.99763260407883
0.003,0.75,0.25,-139.54681797068832
0.003,0.75,0.30000000000000004,-140.4430004177563
0.003,0.75,0.35,-139.74272396053226
0.003,0.75,0.4,-138.4796685988738
0.003,0.75,0.45000000000000007,-138.99421867112375
0.003,0.75,0.5,-139.35319831283618
0.003,0.75,0.55,-138.92675803614037
0.003,0.75,0.6,-138.58701627836916
0.003,0.8,0.1,-151.30413381948
0.003,0.8,0.15000000000000002,-147.82125941364126
0.003,0.8,0.2,-141.86462782206536
0.003,0.8,0.25,-138.9791931044066
0.003,0.8,0.30000000000000004,-138.95597573356235
0.003,0.8,0.35,-139.01594593236445
0.003,0.8,0.4,-139.46417191626938
0.003,0.8,0.45000000000000007,-138.62495529278982
0.003,0.8,0.5,-139.7963784999837
0.003,0.8,0.55,-137.85807641480972
0.003,0.8,0.6,-138.74092120551705
0.003,0.8500000000000001,0.1,-154.20069971489545
0.003,0.8500000000000001,0.15000000000000002,-147.25410076405768
0.003,0.8500000000000001,0.2,-139.73454155157583
0.003,0.8500000000000001,0.25,-139.3722419284361
0.003,0.8500000000000001,0.30000000000000004,-138.67394091393425
0.003,0.8500000000000001,0.35,-139.43908004618572
0.003,0.8500000000000001,0.4,-138.10083896974635
0.003,0.8500000000000001,0.45000000000000007,-138.49594285747804
0.003,0.8500000000000001,0.5,-138.9448484761549
0.003,0.8500000000000001,0.55,-138.65881696968518
0.003,0.8500000000000001,0.6,-139.05744475810525
0.003,0.9,0.1,-145.3496920287003
0.003,0.9,0.15000000000000002,-145.34033783252988
0.003,0.9,0.2,-140.92957838655917
0.003,0.9,0.25,-140.55691930544202
0.003,0.9,0.30000000000000004,-138.47063321871076
0.003,0.9,0.35,-138.63306647151114
0.003,0.9,0.4,-137.62729510081874
0.003,0.9,0.45000000000000007,-138.2250464104348
0.003,0.9,0.5,-138.27102495460628
0.003,0.9,0.55,-138.8859090453165
0.003,0.9,0.6,-138.06129568293483
0.003,0.95,0.1,-154.49711941175633
0.003,0.95,0.15000000000000002,-143.4598375538195
0.003,0.95,0.2,-140.74431079190828
0.003,0.95,0.25,-138.65212319522067
0.003,0.95,0.30000000000000004,-139.6774172574792
0.003,0.95,0.35,-138.01946028110206
0.003,0.95,0.4,-137.7982933087713
0.003,0.95,0.45000000000000007,-137.8384064867713
0.003,0.95,0.5,-139.47636809979485
0.003,0.95,0.55,-138.02623969295178
0.003,0.95,0.6,-138.2909174060551
0.003,1,0.1,-150.15700666412317
0.003,1,0.15000000000000002,-142.90812279179016
0.003,1,0.2,-141.9154946230551
0.003,1,0.25,-138.68601183302349
0.003,1,0.30000000000000004,-138.73555352717517
0.003,1,0.35,-138.77943604979316
0.003,1,0.4,-138.31798707113524
0.003,1,0.45000000000000007,-137.9089390648553
0.003,1,0.5,-136.6465229901334
0.003,1,0.55,-138.16905891266782
0.003,1,0.6,-138.26233233879202
0.004,0.5,0.1,-153.52441271180913
0.004,0.5,0.15000000000000002,-143.40851886173095
0.004,0.5,0.2,-142.6610001684179
0.004,0.5,0.25,-138.82375274117538
0.004,0.5,0.30000000000000004,-138.52342652432918
0.004,0.5,0.35,-139.7567557488034
0.004,0.5,0.4,-137.6102605629132
0.004,0.5,0.45000000000000007,-137.56554706914085
0.004,0.5,0.5,-138.22950985443305
0.004,0.5,0.55,-136.4848371954991
0.004,0.5,0.6,-137.91295521570186
0.004,0.55,0.1,-156.26985762211808
0.004,0.55,0.15000000000000002,-143.10306379114127
0.004,0.55,0.2,-142.60162239062493
0.004,0.55,0.25,-138.72403732003966
0.004,0.55,0.30000000000000004,-138.348699401329
0.004,0.55,0.35,-139.03305779631563
0.004,0.55,0.4,-136.9554048403976
0.004,0.55,0.45000000000000007,-136.50692507611234
0.004,0.55,0.5,-136.10753929729657
0.004,0.55,0.55,-137.82294799504467
0.004,0.55,0.6,-136.8761862006566
0.004,0.6,0.1,-148.3544383098731
0.004,0.6,0.15000000000000002,-138.77893234273034
0.004,0.6,0.2,-141.0317017816824
0.004,0.6,0.25,-138.37771429662047
0.004,0.6,0.30000000000000004,-137.40214824680953
0.004,0.6,0.35,-138.1012666162407
0.004,0.6,0.4,-137.24961405490814
0.004,0.6,0.45000000000000007,-137.19798290102443
0.004,0.6,0.5,-136.09406485002205
0.004,0.6,0.55,-137.20975794642692
0.004,0.6,0.6,-136.34451299016786
0.004,0.65,0.1,-155.88530737197033
0.004,0.65,0.15000000000000002,-147.37185400327883
0.004,0.65,0.2,-140.27042988073782
0.004,0.65,0.25,-139.02280793097748
0.004,0.65,0.30000000000000004,-136.97258010567418
0.004,0.65,0.35,-136.07225047651866
0.004,0.65,0.4,-136.2471956579475
0.004,0.65,0.45000000000000007,-135.75608701482753
0.004,0.65,0.5,-135.79463862779863
0.004,0.65,0.55,-137.4659042331715
0.004,0.65,0.6,-137.49461309352534
0.004,0.7,0.1,-152.1555117902579
0.004,0.7,0.15000000000000002,-139.71643427011952
0.004,0.7,0.2,-140.56253594488714
0.004,0.7,0.25,-137.54934809102207
0.004,0.7,0.30000000000000004,-137.3598914413937
0.004,0.7,0.35,-136.16827764929855
0.004,0.7,0.4,-136.75060111592217
0.004,0.7,0.45000000000000007,-137.4441570354236
0.004,0.7,0.5,-137.5590849763783
0.004,0.7,0.55,-136.04712651547788
0.004,0.7,0.6,-136.56652891789412
0.004,0.75,0.1,-165.09164944443177
0.004,0.75,0.15000000000000002,-147.90679547518567
0.004,0.75,0.2,-140.8790877896355
0.004,0.75,0.25,-136.7970367085628
0.004,0.75,0.30000000000000004,-136.60187358508375
0.004,0.75,0.35,-136.50541152024675
0.004,0.75,0.4,-137.7801120900753
0.004,0.75,0.45000000000000007,-136.37043247732703
0.004,0.75,0.5,-135.9596657810402
0.004,0.75,0.55,-136.12995644218825
0.004,0.75,0.6,-137.0450996627677
0.004,0.8,0.1,-161.02272490282752
0.004,0.8,0.15000000000000002,-144.23688320522263
0.004,0.8,0.2,-138.50053796563657
0.004,0.8,0.25,-136.46601342053197
0.004,0.8,0.30000000000000004,-137.5709611992554
0.004,0.8,0.35,-135.53049944401835
0.004,0.8,0.4,-136.220802213203
0.004,0.8,0.45000000000000007,-134.90600841435412
0.004,0.8,0.5,-135.81975522591284
0.004,0.8,0.55,-136.65626662441116
0.004,0.8,0.6,-135.67229941982652
0.004,0.8500000000000001,0.1,-154.78589354834776
0.004,0.8500000000000001,0.15000000000000002,-138.94863735038047
0.004,0.8500000000000001,0.2,-137.63115963015173
0.004,0.8500000000000001,0.25,-137.76008012756546
0.004,0.8500000000000001,0.30000000000000004,-138.06400739918433
0.004,0.8500000000000001,0.35,-135.28277552825745
0.004,0.8500000000000001,0.4,-134.51643195713297
0.004,0.8500000000000001,0.45000000000000007,-135.39197001517806
0.004,0.8500000000000001,0.5,-137.25584231834432
0.004,0.8500000000000001,0.55,-136.3021661503712
0.004,0.8500000000000001,0.6,-136.15281684566958
0.004,0.9,0.1,-165.3896864635728
0.004,0.9,0.15000000000000002,-136.63625015554072
0.004,0.9,0.2,-137.14826643170903
0.004,0.9,0.25,-136.03477221013026
0.004,0.9,0.30000000000000004,-135.58120684748206
0.004,0.9,0.35,-135.59779659665088
0.004,0.9,0.4,-134.18098726684593
0.004,0.9,0.45000000000000007,-135.46699863428648
0.004,0.9,0.5,-134.94060434560873
0.004,0.9,0.55,-136.36107999588023
0.004,0.9,0.6,-136.61019797385245
0.004,0.95,0.1,-145.1188423029489
0.004,0.95,0.15000000000000002,-142.68566383301197
0.004,0.95,0.2,-136.53559612554454
0.004,0.95,0.25,-135.92243049411223
0.004,0.95,0.30000000000000004,-135.73012630523363
0.004,0.95,0.35,-134.98086751125834
0.004,0.95,0.4,-134.9302520445758
0.004,0.95,0.45000000000000007,-135.27165887125892
0.004,0.95,0.5,-136.2139680201202
0.004,0.95,0.55,-135.8834697595214
0.004,0.95,0.6,-136.3472537647578
0.004,1,0.1,-144.87262576190477
0.004,1,0.15000000000000002,-137.60394095756868
0.004,1,0.2,-135.94583477894417
0.004,1,0.25,-136.94399390410206
0.004,1,0.30000000000000004,-136.217375346121
0.004,1,0.35,-136.13632119646962
0.004,1,0.4,-135.97578078665293
0.004,1,0.45000000000000007,-134.61047387077508
0.004,1,0.5,-135.33096336063767
0.004,1,0.55,-135.97296743401972
0.004,1,0.6,-136.3407161219272
0.005,0.5,0.1,-157.1652729039099
0.005,0.5,0.15000000000000002,-140.24780137036316
0.005,0.5,0.2,-140.86699486974396
0.005,0.5,0.25,-137.61366758078032
0.005,0.5,0.30000000000000004,-137.2058635077861
0.005,0.5,0.35,-136.85660804968387
0.005,0.5,0.4,-135.87431256296173
0.005,0.5,0.45000000000000007,-135.773918072433
0.005,0.5,0.5,-136.07195521055962
0.005,0.5,0.55,-135.92289025373424
0.005,0.5,0.6,-135.40246234165153
0.005,0.55,0.1,-172.2920312689381
0.005,0.55,0.15000000000000002,-141.57306538922825
0.005,0.55,0.2,-138.42531741352968
0.005,0.55,0.25,-137.86624536328105
0.005,0.55,0.30000000000000004,-136.41054411112378
0.005,0.55,0.35,-135.4725170199397
0.005,0.55,0.4,-136.23654865758328
0.005,0.55,0.45000000000000007,-135.91916222778053
0.005,0.55,0.5,-137.60787123732064
0.005,0.55,0.55,-134.8712262283749
0.005,0.55,0.6,-136.30074739822368
0.005,0.6,0.1,-150.16668994152064
0.005,0.6,0.15000000000000002,-143.29279126329732
0.005,0.6,0.2,-139.4928008470239
0.005,0.6,0.25,-137.8179532752065
0.005,0.6,0.30000000000000004,-136.04572224091663
0.005,0.6,0.35,-135.74145664110705
0.005,0.6,0.4,-134.36434937453885
0.005,0.6,0.45000000000000007,-135.91638263628266
0.005,0.6,0.5,-135.7490981775506
0.005,0.6,0.55,-136.0757496947142
0.005,0.6,0.6,-135.16587420847924
0.005,0.65,0.1,-146.99874719396945
0.005,0.65,0.15000000000000002,-137.8361285972801
0.005,0.65,0.2,-137.71914889294902
0.005,0.65,0.25,-135.7470103232249
0.005,0.65,0.30000000000000004,-135.777857321547
0.005,0.65,0.35,-135.45146355365978
0.005,0.65,0.4,-136.69938730965742
0.005,0.65,0.45000000000000007,-135.5587088273188
0.005,0.65,0.5,-135.67432974386122
0.005,0.65,0.55,-136.29201030826954
0.005,0.65,0.6,-135.64748670562733
0.005,0.7,0.1,-151.52298533613083
0.005,0.7,0.15000000000000002,-137.7267465485299
0.005,0.7,0.2,-136.63058907717044
0.005,0.7,0.25,-135.66404692565033
0.005,0.7,0.30000000000000004,-136.66251956131515
0.005,0.7,0.35,-134.95693246169907
0.005,0.7,0.4,-134.93017136954654
0.005,0.7,0.45000000000000007,-134.64324731285973
0.005,0.7,0.5,-134.74023505004533
0.005,0.7,0.55,-134.21228221083294
0.005,0.7,0.6,-135.16228109664667
0.005,0.75,0.1,-141.33689427716655
0.005,0.75,0.15000000000000002,-138.6053850312406
0.005,0.75,0.2,-136.29205467861607
0.005,0.75,0.25,-135.20057212903492
0.005,0.75,0.30000000000000004,-135.53583808420115
0.005,0.75,0.35,-134.46700475852282
0.005,0.75,0.4,-135.53643001414065
0.005,0.75,0.45000000000000007,-135.1168336716487
0.005,0.75,0.5,-134.9530123452339
0.005,0.75,0.55,-134.67619260817804
0.005,0.75,0.6,-135.03526950515845
0.005,0.8,0.1,-149.93143523090077
0.005,0.8,0.15000000000000002,-138.14211465897034
0.005,0.8,0.2,-135.68022573124483
0.005,0.8,0.25,-137.08464355508335
0.005,0.8,0.30000000000000004,-133.80407194217457
0.005,0.8,0.35,-134.97222816364462
0.005,0.8,0.4,-134.1018600437281
0.005,0.8,0.45000000000000007,-134.90851661508935
0.005,0.8,0.5,-134.37187212489204
0.005,0.8,0.55,-134.53311134981863
0.005,0.8,0.6,-135.40147814465007
0.005,0.8500000000000001,0.1,-143.92904121908293
0.005,0.8500000000000001,0.15000000000000002,-137.49693051172892
0.005,0.8500000000000001,0.2,-138.8588614217922
0.005,0.8500000000000001,0.25,-137.12566351727202
0.005,0.8500000000000001,0.30000000000000004,-135.18664974608896
0.005,0.8500000000000001,0.35,-134.24487371009724
0.005,0.8500000000000001,0.4,-134.75164452365595
0.005,0.8500000000000001,0.45000000000000007,-133.28712223729372
0.005,0.8500000000000001,0.5,-133.90280057870598
0.005,0.8500000000000001,0.55,-134.82565028042393
0.005,0.8500000000000001,0.6,-135.8775083224237
0.005,0.9,0.1,-140.237605147433
0.005,0.9,0.15000000000000002,-137.90609771445207
0.005,0.9,0.2,-136.21216251420947
0.005,0.9,0.25,-133.51149407256986
0.005,0.9,0.30000000000000004,-133.62107412706803
0.005,0.9,0.35,-134.29544996815252
0.005,0.9,0.4,-134.90724935467335
0.005,0.9,0.45000000000000007,-134.5031155451075
0.005,0.9,0.5,-134.5979341297974
0.005,0.9,0.55,-134.5211147339832
0.005,0.9,0.6,-135.29117061057923
0.005,0.95,0.1,-143.8877983580083
0.005,0.95,0.15000000000000002,-138.26759493300216
0.005,0.95,0.2,-135.97001904320678
0.005,0.95,0.25,-134.5263687069841
0.005,0.95,0.30000000000000004,-133.10343981617376
0.005,0.95,0.35,-134.64072908525338
0.005,0.95,0.4,-133.53267023244217
0.005,0.95,0.45000000000000007,-134.26413069781375
0.005,0.95,0.5,-134.26776700494497
0.005,0.95,0.55,-133.91585039069435
0.005,0.95,0.6,-133.92575724070196
0.005,1,0.1,-142.2011937324188
0.005,1,0.15000000000000002,-136.29148343422366
0.005,1,0.2,-134.24911238391866
0.005,1,0.25,-133.98893523991438
0.005,1,0.30000000000000004,-134.67560705101482
0.005,1,0.35,-134.12035111273832
0.005,1,0.4,-134.09135420627592
0.005,1,0.45000000000000007,-133.42916988076632
0.005,1,0.5,-135.49487978109562
0.005,1,0.55,-134.3876422707218
0.005,1,0.6,-135.2619982134383
0.006,0.5,0.1,-152.97807660165785
0.006,0.5,0.15000000000000002,-139.91796136507253
0.006,0.5,0.2,-139.1184976015913
0.006,0.5,0.25,-136.37051791373074
0.006,0.5,0.30000000000000004,-136.89526524709117
0.006,0.5,0.35,-136.81717991091648
0.006,0.5,0.4,-134.83280602743702
0.006,0.5,0.45000000000000007,-135.69782134351317
0.006,0.5,0.5,-135.41354934659392
0.006,0.5,0.55,-135.59112939637504
0.006,0.5,0.6,-137.57168067713906
0.006,0.55,0.1,-142.6027420019184
0.006,0.55,0.15000000000000002,-140.9665845597653
0.006,0.55,0.2,-141.08147952792552
0.006,0.55,0.25,-137.92394292849173
0.006,0.55,0.30000000000000004,-136.24306920033195
0.006,0.55,0.35,-137.17594579214415
0.006,0.55,0.4,-134.95747936042244
0.006,0.55,0.45000000000000007,-134.5863827355995
0.006,0.55,0.5,-136.11496713810783
0.006,0.55,0.55,-134.90020958767144
0.006,0.55,0.6,-135.47750225345766
0.006,0.6,0.1,-159.02849679245753
0.006,0.6,0.15000000000000002,-142.0172240707641
0.006,0.6,0.2,-139.09788975891752
0.006,0.6,0.25,-136.1551879364721
0.006,0.6,0.30000000000000004,-136.4338350158328
0.006,0.6,0.35,-135.37757460755284
0.006,0.6,0.4,-136.5779512656091
0.006,0.6,0.45000000000000007,-135.11904052384034
0.006,0.6,0.5,-135.68382466633153
0.006,0.6,0.55,-135.8728050945498
0.006,0.6,0.6,-134.5055567940404
0.006,0.65,0.1,-149.46634554381484
0.006,0.65,0.15000000000000002,-140.77382138868683
0.006,0.65,0.2,-138.47112480606035
0.006,0.65,0.25,-136.1461801042841
0.006,0.65,0.30000000000000004,-135.13900962227103
0.006,0.65,0.35,-135.52039208507972
0.006,0.65,0.4,-136.13700675287788
0.006,0.65,0.45000000000000007,-134.71267687909682
0.006,0.65,0.5,-135.19798487625292
0.006,0.65,0.55,-135.35472910601004
0.006,0.65,0.6,-135.6550560396637
0.006,0.7,0.1,-145.18572608971937
0.006,0.7,0.15000000000000002,-144.1747060232214
0.006,0.7,0.2,-137.98057060045767
0.006,0.7,0.25,-135.2746628979545
0.006,0.7,0.30000000000000004,-133.66234607599523
0.006,0.7,0.35,-135.03606604872977
0.006,0.7,0.4,-135.29343637572316
0.006,0.7,0.45000000000000007,-134.10138274135142
0.006,0.7,0.5,-136.03155595688906
0.006,0.7,0.55,-135.08241669229
0.006,0.7,0.6,-135.17881770201876
0.006,0.75,0.1,-153.2128399513685
0.006,0.75,0.15000000000000002,-137.54304779947853
0.006,0.75,0.2,-135.1452599968377
0.006,0.75,0.25,-134.20883043674587
0.006,0.75,0.30000000000000004,-134.90067357553227
0.006,0.75,0.35,-134.38864270960153
0.006,0.75,0.4,-135.2233926232368
0.006,0.75,0.45000000000000007,-134.3148142482113
0.006,0.75,0.5,-134.77098645532726
0.006,0.75,0.55,-134.6392761816653
0.006,0.75,0.6,-133.97749083095948
0.006,0.8,0.1,-154.1971558683298
0.006,0.8,0.15000000000000002,-137.34283728182487
0.006,0.8,0.2,-135.96547895137428
0.006,0.8,0.25,-135.6099395937096
0.006,0.8,0.30000000000000004,-136.72917597109762
0.006,0.8,0.35,-135.05735992865255
0.006,0.8,0.4,-134.3340363196122
0.006,0.8,0.45000000000000007,-134.52902983579634
0.006,0.8,0.5,-134.40351683454088
0.006,0.8,0.55,-134.74150015543768
0.006,0.8,0.6,-134.97926026907936
0.006,0.8500000000000001,0.1,-143.32731877218185
0.006,0.8500000000000001,0.15000000000000002,-137.87797251015013
0.006,0.8500000000000001,0.2,-134.71686509582264
0.006,0.8500000000000001,0.25,-135.24171682532887
0.006,0.8500000000000001,0.30000000000000004,-134.99780519474768
0.006,0.8500000000000001,0.35,-134.06995740512167
0.006,0.8500000000000001,0.4,-133.69549261322146
0.006,0.8500000000000001,0.45000000000000007,-134.10449020953615
0.006,0.8500000000000001,0.5,-134.68203782828095
0.006,0.8500000000000001,0.55,-135.827272535468
0.006,0.8500000000000001,0.6,-134.91577561933718
0.006,0.9,0.1,-151.13638129949112
0.006,0.9,0.15000000000000002,-140.61894345138944
0.006,0.9,0.2,-134.89100430869752
0.006,0.9,0.25,-133.35050893862586
0.006,0.9,0.30000000000000004,-133.19062469218704
0.006,0.9,0.35,-134.09679746813106
0.006,0.9,0.4,-134.0500499883742
0.006,0.9,0.45000000000000007,-134.5178663366127
0.006,0.9,0.5,-134.46932576642644
0.006,0.9,0.55,-134.86028974704845
0.006,0.9,0.6,-134.19842134313103
0.006,0.95,0.1,-137.67157492865562
0.006,0.95,0.15000000000000002,-142.0943561262102
0.006,0.95,0.2,-135.23032010939045
0.006,0.95,0.25,-135.23532909093717
0.006,0.95,0.30000000000000004,-133.75584260760206
0.006,0.95,0.35,-134.43809318064615
0.006,0.95,0.4,-134.03198808367972
0.006,0.95,0.45000000000000007,-134.5468806623706
0.006,0.95,0.5,-133.31041657193322
0.006,0.95,0.55,-134.1763067190427
0.006,0.95,0.6,-134.10537271705198
0.006,1,0.1,-140.38629962354827
0.006,1,0.15000000000000002,-135.97684325690932
0.006,1,0.2,-134.619494240464
0.006,1,0.25,-134.17529549414724
0.006,1,0.30000000000000004,-134.5143631762872
0.006,1,0.35,-133.61327736362136
0.006,1,0.4,-132.531125529262
0.006,1,0.45000000000000007,-134.33364103904995
0.006,1,0.5,-134.16184131952184
0.006,1,0.55,-135.19579678720356
0.006,1,0.6,-136.20558962930488
0.007,0.5,0.1,-154.79336424851073
0.007,0.5,0.15000000000000002,-147.6229514245088
0.007,0.5,0.2,-139.64952291210864
0.007,0.5,0.25,-137.67111022387593
0.007,0.5,0.30000000000000004,-136.8426807485377
0.007,0.5,0.35,-135.7391393027607
0.007,0.5,0.4,-136.57354628545596
0.007,0.5,0.45000000000000007,-135.52018322626623
0.007,0.5,0.5,-135.0830901837827
0.007,0.5,0.55,-136.53582290505165
0.007,0.5,0.6,-135.0201493663161
0.007,0.55,0.1,-148.2253513253928
0.007,0.55,0.15000000000000002,-142.40030464829266
0.007,0.55,0.2,-139.34508272995436
0.007,0.55,0.25,-137.93375721143468
0.007,0.55,0.30000000000000004,-135.92799665072909
0.007,0.55,0.35,-136.2324905418256
0.007,0.55,0.4,-134.82628942981347
0.007,0.55,0.45000000000000007,-135.5695509264196
0.007,0.55,0.5,-134.37655119987778
0.007,0.55,0.55,-137.3423847522293
0.007,0.55,0.6,-135.52844254093122
0.007,0.6,0.1,-143.50122058010453
0.007,0.6,0.15000000000000002,-137.9648151864394
0.007,0.6,0.2,-137.2447742229437
0.007,0.6,0.25,-136.94888608076747
0.007,0.6,0.30000000000000004,-136.9737917842308
0.007,0.6,0.35,-136.19453456211795
0.007,0.6,0.4,-134.80054176871658
0.007,0.6,0.45000000000000007,-136.3653960102493
0.007,0.6,0.5,-136.81184681072773
0.007,0.6,0.55,-135.48544696862876
0.007,0.6,0.6,-135.74114278206815
0.007,0.65,0.1,-143.90646469947802
0.007,0.65,0.15000000000000002,-140.80371545204918
0.007,0.65,0.2,-137.56789358666072
0.007,0.65,0.25,-136.88903262352977
0.007,0.65,0.30000000000000004,-134.66966137138093
0.007,0.65,0.35,-135.69040984006006
0.007,0.65,0.4,-136.18080099999435
0.007,0.65,0.45000000000000007,-134.22661002384484
0.007,0.65,0.5,-135.46148739626057
0.007,0.65,0.55,-136.61700524842195
0.007,0.65,0.6,-135.0499173151586
0.007,0.7,0.1,-144.76451824444058
0.007,0.7,0.15000000000000002,-148.36079900873705
0.007,0.7,0.2,-138.36995207797446
0.007,0.7,0.25,-136.56104460444834
0.007,0.7,0.30000000000000004,-135.55901785844867
0.007,0.7,0.35,-134.08425877462093
0.007,0.7,0.4,-135.8300539726182
0.007,0.7,0.45000000000000007,-135.38768777263414
0.007,0.7,0.5,-135.1630044411736
0.007,0.7,0.55,-135.02574154150813
0.007,0.7,0.6,-134.5804039684558
0.007,0.75,0.1,-143.38103777671603
0.007,0.75,0.15000000000000002,-140.76480106528703
0.007,0.75,0.2,-136.99414901957016
0.007,0.75,0.25,-136.23706081712936
0.007,0.75,0.30000000000000004,-136.9057817437697
0.007,0.75,0.35,-135.98357439449762
0.007,0.75,0.4,-135.74440503595997
0.007,0.75,0.45000000000000007,-134.8066878167768
0.007,0.75,0.5,-136.28847452252916
0.007,0.75,0.55,-135.47643865641857
0.007,0.75,0.6,-135.66846721448388
0.007,0.8,0.1,-144.82996744070778
0.007,0.8,0.15000000000000002,-139.51031531371711
0.007,0.8,0.2,-134.86953004649217
0.007,0.8,0.25,-135.43739994881872
0.007,0.8,0.30000000000000004,-133.76941631998608
0.007,0.8,0.35,-134.65161218201075
0.007,0.8,0.4,-134.68057248319212
0.007,0.8,0.45000000000000007,-134.55017657033176
0.007,0.8,0.5,-136.60862641402002
0.007,0.8,0.55,-135.33188537181428
0.007,0.8,0.6,-135.58202226194646
0.007,0.8500000000000001,0.1,-141.0378829597227
0.007,0.8500000000000001,0.15000000000000002,-137.45322734421597
0.007,0.8500000000000001,0.2,-136.07251190174685
0.007,0.8500000000000001,0.25,-134.5366018802593
0.007,0.8500000000000001,0.30000000000000004,-134.1045594507047
0.007,0.8500000000000001,0.35,-134.30826585883415
0.007,0.8500000000000001,0.4,-133.73039452085078
0.007,0.8500000000000001,0.45000000000000007,-134.1134890304528
0.007,0.8500000000000001,0.5,-134.77663172655252
0.007,0.8500000000000001,0.55,-134.230987772233
0.007,0.8500000000000001,0.6,-135.0840186829712
0.007,0.9,0.1,-149.2249815223838
0.007,0.9,0.15000000000000002,-139.31377797790748
0.007,0.9,0.2,-135.32111075997238
0.007,0.9,0.25,-134.66064710216568
0.007,0.9,0.30000000000000004,-134.42327702296882
0.007,0.9,0.35,-134.49158473781847
0.007,0.9,0.4,-133.86953984061705
0.007,0.9,0.45000000000000007,-133.7787893458052
0.007,0.9,0.5,-134.55778130731505
0.007,0.9,0.55,-134.94621277734905
0.007,0.9,0.6,-135.54289951841423
0.007,0.95,0.1,-140.6095480719278
0.007,0.95,0.15000000000000002,-137.25947155903805
0.007,0.95,0.2,-135.47285520830093
0.007,0.95,0.25,-133.44796097485374
0.007,0.95,0.30000000000000004,-134.9033025804967
0.007,0.95,0.35,-134.039536041948
0.007,0.95,0.4,-133.31939530117182
0.007,0.95,0.45000000000000007,-134.70681718829474
0.007,0.95,0.5,-134.61331920335425
0.007,0.95,0.55,-134.44606030880095
0.007,0.95,0.6,-134.6927400061374
0.007,1,0.1,-141.5517476049303
0.007,1,0.15000000000000002,-134.72179061173154
0.007,1,0.2,-135.060003543371
0.007,1,0.25,-134.33605178734115
0.007,1,0.30000000000000004,-133.5291131954587
0.007,1,0.35,-134.68631860121133
0.007,1,0.4,-133.70232507870963
0.007,1,0.45000000000000007,-132.71778175402045
0.007,1,0.5,-134.0333997577847
0.007,1,0.55,-134.6746848339028
0.007,1,0.6,-135.14169606619583
0.008,0.5,0.1,-143.28547639339092
0.008,0.5,0.15000000000000002,-148.1097587021905
0.008,0.5,0.2,-138.36131049896125
0.008,0.5,0.25,-137.99253707191525
0.008,0.5,0.30000000000000004,-136.81377264230417
0.008,0.5,0.35,-138.1164335171323
0.008,0.5,0.4,-137.46137127039015
0.008,0.5,0.45000000000000007,-136.5586852045858
0.008,0.5,0.5,-135.9901039899629
0.008,0.5,0.55,-136.95654992374205
0.008,0.5,0.6,-136.5276085181057
0.008,0.55,0.1,-150.26701030325466
0.008,0.55,0.15000000000000002,-140.5757790717372
0.008,0.55,0.2,-138.08040902860228
0.008,0.55,0.25,-138.23485469666616
0.008,0.55,0.30000000000000004,-135.84233635409004
0.008,0.55,0.35,-137.92783497072338
0.008,0.55,0.4,-136.15982133262094
0.008,0.55,0.45000000000000007,-136.67641875814837
0.008,0.55,0.5,-136.76025868597702
0.008,0.55,0.55,-137.23837237535975
0.008,0.55,0.6,-135.25215019149084
0.008,0.6,0.1,-151.4773048838129
0.008,0.6,0.15000000000000002,-142.35460596026104
0.008,0.6,0.2,-138.52934042634865
0.008,0.6,0.25,-137.99002357380766
0.008,0.6,0.30000000000000004,-136.07211387623659
0.008,0.6,0.35,-135.97511251133812
0.008,0.6,0.4,-136.315410915854
0.008,0.6,0.45000000000000007,-137.12375667934623
0.008,0.6,0.5,-135.75202979914758
0.008,0.6,0.55,-137.1957005014546
0.008,0.6,0.6,-136.45770738111128
0.008,0.65,0.1,-144.48459596732533
0.008,0.65,0.15000000000000002,-140.85411181021544
0.008,0.65,0.2,-137.53969612318275
0.008,0.65,0.25,-137.20173134597252
0.008,0.65,0.30000000000000004,-136.75961760977412
0.008,0.65,0.35,-135.279708939734
0.008,0.65,0.4,-136.75508589659114
0.008,0.65,0.45000000000000007,-135.78325699194392
0.008,0.65,0.5,-136.9217212229794
0.008,0.65,0.55,-135.5112434604278
0.008,0.65,0.6,-136.3699717437807
0.008,0.7,0.1,-146.06219481459607
0.008,0.7,0.15000000000000002,-139.89302209192874
0.008,0.7,0.2,-138.3939102331318
0.008,0.7,0.25,-136.3434990946389
0.008,0.7,0.30000000000000004,-136.58281314031626
0.008,0.7,0.35,-136.8010203400358
0.008,0.7,0.4,-135.15598024581067
0.008,0.7,0.45000000000000007,-137.49933977591212
0.008,0.7,0.5,-136.57605373319893
0.008,0.7,0.55,-136.0250400683302
0.008,0.7,0.6,-136.0746734617436
0.008,0.75,0.1,-141.97009098537308
0.008,0.75,0.15000000000000002,-138.21281276887913
0.008,0.75,0.2,-136.0996591508963
0.008,0.75,0.25,-136.07621998427993
0.008,0.75,0.30000000000000004,-135.10391076379955
0.008,0.75,0.35,-134.97573805527333
0.008,0.75,0.4,-135.3693494784281
0.008,0.75,0.45000000000000007,-134.82054776843705
0.008,0.75,0.5,-135.78288311625164
0.008,0.75,0.55,-136.18247831614985
0.008,0.75,0.6,-136.12008311706865
0.008,0.8,0.1,-141.10586194961166
0.008,0.8,0.15000000000000002,-137.91436063288774
0.008,0.8,0.2,-136.4059152564172
0.008,0.8,0.25,-136.85341465241254
0.008,0.8,0.30000000000000004,-135.81599088653616
0.008,0.8,0.35,-135.06620428589525
0.008,0.8,0.4,-134.4144108336854
0.008,0.8,0.45000000000000007,-134.83310598642709
0.008,0.8,0.5,-134.94886866362964
0.008,0.8,0.55,-135.06455610078126
0.008,0.8,0.6,-135.47915448675366
0.008,0.8500000000000001,0.1,-141.6280667873503
0.008,0.8500000000000001,0.15000000000000002,-138.28515815464272
0.008,0.8500000000000001,0.2,-136.1797049458096
0.008,0.8500000000000001,0.25,-135.85845605918206
0.008,0.8500000000000001,0.30000000000000004,-134.64332974752745
0.008,0.8500000000000001,0.35,-134.21111416819116
0.008,0.8500000000000001,0.4,-135.30904222690026
0.008,0.8500000000000001,0.45000000000000007,-135.54933515645735
0.008,0.8500000000000001,0.5,-135.31023642834776
0.008,0.8500000000000001,0.55,-136.4884980791752
0.008,0.8500000000000001,0.6,-136.12620331217164
0.008,0.9,0.1,-152.21587066739164
0.008,0.9,0.15000000000000002,-139.0258840316277
0.008,0.9,0.2,-135.42872401828038
0.008,0.9,0.25,-134.68356669899782
0.008,0.9,0.30000000000000004,-135.01439496737135
0.008,0.9,0.35,-134.37058776287176
0.008,0.9,0.4,-134.72832415831596
0.008,0.9,0.45000000000000007,-134.71321733709448
0.008,0.9,0.5,-134.28461088459022
0.008,0.9,0.55,-134.89438363331146
0.008,0.9,0.6,-134.77835263595443
0.008,0.95,0.1,-139.39911359538502
0.008,0.95,0.15000000000000002,-138.61420725062356
0.008,0.95,0.2,-137.50689819341852
0.008,0.95,0.25,-136.7996584208106
0.008,0.95,0.30000000000000004,-133.6467481873284
0.008,0.95,0.35,-134.06244573214764
0.008,0.95,0.4,-133.4397995124183
0.008,0.95,0.45000000000000007,-134.20716074900406
0.008,0.95,0.5,-135.49909464639103
0.008,0.95,0.55,-135.2479645753798
0.008,0.95,0.6,-135.55772689790064
0.008,1,0.1,-139.7776339750481
0.008,1,0.15000000000000002,-136.5908287745209
0.008,1,0.2,-134.80604639293523
0.008,1,0.25,-134.26209069270874
0.008,1,0.30000000000000004,-134.39584840161712
0.008,1,0.35,-134.33064405985363
0.008,1,0.4,-133.97805385836682
0.008,1,0.45000000000000007,-134.31701111371189
0.008,1,0.5,-134.1648412971672
0.008,1,0.55,-134.2156774726913
0.008,1,0.6,-135.57675415296438
0.009000000000000001,0.5,0.1,-149.25364510788012
0.009000000000000001,0.5,0.15000000000000002,-146.18526282246933
0.009000000000000001,0.5,0.2,-139.2566181784955
0.009000000000000001,0.5,0.25,-140.3830059948899
0.009000000000000001,0.5,0.30000000000000004,-139.22817348934234
0.009000000000000001,0.5,0.35,-137.41143227997253
0.009000000000000001,0.5,0.4,-137.72200157893656
0.009000000000000001,0.5,0.45000000000000007,-136.95397822342727
0.009000000000000001,0.5,0.5,-138.04969803030104
0.009000000000000001,0.5,0.55,-136.92625667208267
0.009000000000000001,0.5,0.6,-136.70215254283596
0.009000000000000001,0.55,0.1,-152.88579981121921
0.009000000000000001,0.55,0.15000000000000002,-143.98533636346696
0.009000000000000001,0.55,0.2,-141.06434925065145
0.009000000000000001,0.55,0.25,-137.3478632454408
0.009000000000000001,0.55,0.30000000000000004,-138.95084522324055
0.009000000000000001,0.55,0.35,-138.51066232977922
0.009000000000000001,0.55,0.4,-136.72438694239622
0.009000000000000001,0.55,0.45000000000000007,-137.36131013448335
0.009000000000000001,0.55,0.5,-137.35233593036156
0.009000000000000001,0.55,0.55,-137.66038344512725
0.009000000000000001,0.55,0.6,-136.71795081655102
0.009000000000000001,0.6,0.1,-142.82874270285333
0.009000000000000001,0.6,0.15000000000000002,-142.67190814156783
0.009000000000000001,0.6,0.2,-138.1352013870969
0.009000000000000001,0.6,0.25,-138.4227840031532
0.009000000000000001,0.6,0.30000000000000004,-138.71490374302624
0.009000000000000001,0.6,0.35,-137.21250150931274
0.009000000000000001,0.6,0.4,-136.02066208398975
0.009000000000000001,0.6,0.45000000000000007,-137.10341167535847
0.009000000000000001,0.6,0.5,-137.77029082472762
0.009000000000000001,0.6,0.55,-136.28733808354298
0.009000000000000001,0.6,0.6,-136.98291880906987
0.009000000000000001,0.65,0.1,-146.19906062420847
0.009000000000000001,0.65,0.15000000000000002,-139.2927985355306
0.009000000000000001,0.65,0.2,-137.83513199149223
0.009000000000000001,0.65,0.25,-138.9282413354556
0.009000000000000001,0.65,0.30000000000000004,-137.18518999375505
0.009000000000000001,0.65,0.35,-137.31447839576197
0.009000000000000001,0.65,0.4,-136.74447301369383
0.009000000000000001,0.65,0.45000000000000007,-136.8893764289328
0.009000000000000001,0.65,0.5,-136.24947130696404
0.009000000000000001,0.65,0.55,-137.63047268042232
0.009000000000000001,0.65,0.6,-135.8031571660395
0.009000000000000001,0.7,0.1,-143.00946327040714
0.009000000000000001,0.7,0.15000000000000002,-142.48206972036712
0.009000000000000001,0.7,0.2,-139.07042291254203
0.009000000000000001,0.7,0.25,-136.9120908506461
0.009000000000000001,0.7,0.30000000000000004,-136.37449392445916
0.009000000000000001,0.7,0.35,-138.04779303906525
0.009000000000000001,0.7,0.4,-136.93635814708966
0.009000000000000001,0.7,0.45000000000000007,-135.05933525713215
0.009000000000000001,0.7,0.5,-136.5983750406421
0.009000000000000001,0.7,0.55,-135.87946236986
0.009000000000000001,0.7,0.6,-136.32981245409076
0.009000000000000001,0.75,0.1,-140.19835359953817
0.009000000000000001,0.75,0.15000000000000002,-138.65390455586987
0.009000000000000001,0.75,0.2,-139.9167232893472
0.009000000000000001,0.75,0.25,-135.98475718371355
0.009000000000000001,0.75,0.30000000000000004,-136.78469591016392
0.009000000000000001,0.75,0.35,-135.60817527584504
0.009000000000000001,0.75,0.4,-137.55979929330726
0.009000000000000001,0.75,0.45000000000000007,-136.8945970176863
0.009000000000000001,0.75,0.5,-135.3264678158256
0.009000000000000001,0.75,0.55,-135.05779226337262
0.009000000000000001,0.75,0.6,-136.929327593602
0.009000000000000001,0.8,0.1,-143.1055255702907
0.009000000000000001,0.8,0.15000000000000002,-138.692646912736
0.009000000000000001,0.8,0.2,-138.069828785727
0.009000000000000001,0.8,0.25,-136.04336102670902
0.009000000000000001,0.8,0.30000000000000004,-136.06164562304502
0.009000000000000001,0.8,0.35,-134.65755855794959
0.009000000000000001,0.8,0.4,-136.12985328531505
0.009000000000000001,0.8,0.45000000000000007,-135.86696429131507
0.009000000000000001,0.8,0.5,-135.1517524667761
0.009000000000000001,0.8,0.55,-136.61668899977514
0.009000000000000001,0.8,0.6,-135.92602932658156
0.009000000000000001,0.8500000000000001,0.1,-142.88714785849328
0.009000000000000001,0.8500000000000001,0.15000000000000002,-140.08410075640302
0.009000000000000001,0.8500000000000001,0.2,-137.69423412478847
0.009000000000000001,0.8500000000000001,0.25,-134.98591588103267
0.009000000000000001,0.8500000000000001,0.30000000000000004,-136.2065342024681
0.009000000000000001,0.8500000000000001,0.35,-135.2110837961759
0.009000000000000001,0.8500000000000001,0.4,-135.75186817442147
0.009000000000000001,0.8500000000000001,0.45000000000000007,-135.55452919688798
0.009000000000000001,0.8500000000000001,0.5,-136.16225425922948
0.009000000000000001,0.8500000000000001,0.55,-135.97541977993342
0.009000000000000001,0.8500000000000001,0.6,-136.52646198344257
0.009000000000000001,0.9,0.1,-139.95653556526054
0.009000000000000001,0.9,0.15000000000000002,-136.63952693884738
0.009000000000000001,0.9,0.2,-137.49687389577798
0.009000000000000001,0.9,0.25,-134.19490040936927
0.009000000000000001,0.9,0.30000000000000004,-136.0379591023006
0.009000000000000001,0.9,0.35,-135.06816087484805
0.009000000000000001,0.9,0.4,-134.7808770451362
0.009000000000000001,0.9,0.45000000000000007,-134.7522766269782
0.009000000000000001,0.9,0.5,-136.28838554448828
0.009000000000000001,0.9,0.55,-134.7515276454613
0.009000000000000001,0.9,0.6,-135.85411254222942
0.009000000000000001,0.95,0.1,-139.46668273953082
0.009000000000000001,0.95,0.15000000000000002,-138.3726446262188
0.009000000000000001,0.95,0.2,-135.82275440903902
0.009000000000000001,0.95,0.25,-135.27118676922237
0.009000000000000001,0.95,0.30000000000000004,-135.64439973802718
0.009000000000000001,0.95,0.35,-136.00530192499366
0.009000000000000001,0.95,0.4,-135.94639671745796
0.009000000000000001,0.95,0.45000000000000007,-134.9464160278066
0.009000000000000001,0.95,0.5,-135.10760069681487
0.009000000000000001,0.95,0.55,-135.77322846736303
0.009000000000000001,0.95,0.6,-136.62314044449448
0.009000000000000001,1,0.1,-137.88265290434595
0.009000000000000001,1,0.15000000000000002,-137.88562853123585
0.009000000000000001,1,0.2,-137.78437690564778
0.009000000000000001,1,0.25,-135.10035729702741
0.009000000000000001,1,0.30000000000000004,-134.84829724646534
0.009000000000000001,1,0.35,-134.9029253371994
0.009000000000000001,1,0.4,-135.1729858090996
0.009000000000000001,1,0.45000000000000007,-134.897740174803
0.009000000000000001,1,0.5,-134.96116821328104
0.009000000000000001,1,0.55,-135.26888241155575
0.009000000000000001,1,0.6,-135.2417679031828
0.010000000000000002,0.5,0.1,-152.5088556325826
0.010000000000000002,0.5,0.15000000000000002,-142.80347656683625
0.010000000000000002,0.5,0.2,-140.76870480108022
0.010000000000000002,0.5,0.25,-141.0627095911883
0.010000000000000002,0.5,0.30000000000000004,-140.6273590476527
0.010000000000000002,0.5,0.35,-138.58856438433446
0.010000000000000002,0.5,0.4,-137.62839435971574
0.010000000000000002,0.5,0.45000000000000007,-139.5400746161597
0.010000000000000002,0.5,0.5,-137.28771109637677
0.010000000000000002,0.5,0.55,-137.43833665333142
0.010000000000000002,0.5,0.6,-139.13878765393736
0.010000000000000002,0.55,0.1,-163.73198867034438
0.010000000000000002,0.55,0.15000000000000002,-141.02498695686234
0.010000000000000002,0.55,0.2,-140.8300007037538
0.010000000000000002,0.55,0.25,-140.24986597897214
0.010000000000000002,0.55,0.30000000000000004,-139.6702373045071
0.010000000000000002,0.55,0.35,-138.0702254058857
0.010000000000000002,0.55,0.4,-137.5493957415477
0.010000000000000002,0.55,0.45000000000000007,-136.70349680137502
0.010000000000000002,0.55,0.5,-137.83722285712184
0.010000000000000002,0.55,0.55,-137.61429406562223
0.010000000000000002,0.55,0.6,-137.3021068921168
0.010000000000000002,0.6,0.1,-152.10234276584197
0.010000000000000002,0.6,0.15000000000000002,-139.14942983495462
0.010000000000000002,0.6,0.2,-139.5093026420708
0.010000000000000002,0.6,0.25,-137.97250568345305
0.010000000000000002,0.6,0.30000000000000004,-138.1152228687265
0.010000000000000002,0.6,0.35,-137.13451998916906
0.010000000000000002,0.6,0.4,-138.79699663916585
0.010000000000000002,0.6,0.45000000000000007,-137.74700603371946
0.010000000000000002,0.6,0.5,-138.5468287983802
0.010000000000000002,0.6,0.55,-137.96991089424557
0.010000000000000002,0.6,0.6,-137.6313765646434
0.010000000000000002,0.65,0.1,-148.12657033734206
0.010000000000000002,0.65,0.15000000000000002,-142.41439232191237
0.010000000000000002,0.65,0.2,-139.41570084509942
0.010000000000000002,0.65,0.25,-136.86284892627316
0.010000000000000002,0.65,0.30000000000000004,-138.73519241505363
0.010000000000000002,0.65,0.35,-138.3267131666414
0.010000000000000002,0.65,0.4,-137.11745025689714
0.010000000000000002,0.65,0.45000000000000007,-136.0676526995341
0.010000000000000002,0.65,0.5,-137.6889610787568
0.010000000000000002,0.65,0.55,-136.82537102939597
0.010000000000000002,0.65,0.6,-137.9146553245409
0.010000000000000002,0.7,0.1,-147.34536235389913
0.010000000000000002,0.7,0.15000000000000002,-142.2370431230695
0.010000000000000002,0.7,0.2,-138.31754476556193
0.010000000000000002,0.7,0.25,-138.2404814984701
0.010000000000000002,0.7,0.30000000000000004,-137.16301800097557
0.010000000000000002,0.7,0.35,-136.83181452080282
0.010000000000000002,0.7,0.4,-137.11906984486916
0.010000000000000002,0.7,0.45000000000000007,-137.55540032129687
0.010000000000000002,0.7,0.5,-136.92492419510984
0.010000000000000002,0.7,0.55,-136.53370932082947
0.010000000000000002,0.7,0.6,-136.7288020149246
0.010000000000000002,0.75,0.1,-146.85372562629652
0.010000000000000002,0.75,0.15000000000000002,-140.2142568491215
0.010000000000000002,0.75,0.2,-140.2096036239236
0.010000000000000002,0.75,0.25,-136.63723611389912
0.010000000000000002,0.75,0.30000000000000004,-136.69890933000136
0.010000000000000002,0.75,0.35,-136.85330940832387
0.010000000000000002,0.75,0.4,-136.72328436403672
0.010000000000000002,0.75,0.45000000000000007,-137.2222893743662
0.010000000000000002,0.75,0.5,-137.4658443833394
0.010000000000000002,0.75,0.55,-136.8097137471288
0.010000000000000002,0.75,0.6,-137.55531819272812
0.010000000000000002,0.8,0.1,-145.27368747558148
0.010000000000000002,0.8,0.15000000000000002,-140.24234539803388
0.010000000000000002,0.8,0.2,-138.47879774006634
0.010000000000000002,0.8,0.25,-137.70366593184326
0.010000000000000002,0.8,0.30000000000000004,-137.3300650193367
0.010000000000000002,0.8,0.35,-136.41362079424073
0.010000000000000002,0.8,0.4,-136.45272702562983
0.010000000000000002,0.8,0.45000000000000007,-136.815065826045
0.010000000000000002,0.8,0.5,-137.18106559920847
0.010000000000000002,0.8,0.55,-137.79753559789015
0.010000000000000002,0.8,0.6,-136.86950020821484
0.010000000000000002,0.8500000000000001,0.1,-149.24532412741388
0.010000000000000002,0.8500000000000001,0.15000000000000002,-142.01391558301003
0.010000000000000002,0.8500000000000001,0.2,-137.06191087925964
0.010000000000000002,0.8500000000000001,0.25,-135.95434735219533
0.010000000000000002,0.8500000000000001,0.30000000000000004,-136.43414330772703
0.010000000000000002,0.8500000000000001,0.35,-135.43600128637792
0.010000000000000002,0.8500000000000001,0.4,-135.80776488776297
0.010000000000000002,0.8500000000000001,0.45000000000000007,-136.30437812749364
0.010000000000000002,0.8500000000000001,0.5,-136.50071738988055
0.010000000000000002,0.8500000000000001,0.55,-136.74220890817855
0.010000000000000002,0.8500000000000001,0.6,-136.5811067921809
0.010000000000000002,0.9,0.1,-144.42005437878782
0.010000000000000002,0.9,0.15000000000000002,-141.2740531788108
0.010000000000000002,0.9,0.2,-137.6905577921474
0.010000000000000002,0.9,0.25,-136.64141273750272
0.010000000000000002,0.9,0.30000000000000004,-134.63634850738083
0.010000000000000002,0.9,0.35,-136.02854930479452
0.010000000000000002,0.9,0.4,-137.14902348942428
0.010000000000000002,0.9,0.45000000000000007,-135.94621869955222
0.010000000000000002,0.9,0.5,-136.15576657282787
0.010000000000000002,0.9,0.55,-138.17294132709014
0.010000000000000002,0.9,0.6,-136.6143800993426
0.010000000000000002,0.95,0.1,-145.1596806750223
0.010000000000000002,0.95,0.15000000000000002,-142.68120562160698
0.010000000000000002,0.95,0.2,-140.16569307869645
0.010000000000000002,0.95,0.25,-137.0941443361172
0.010000000000000002,0.95,0.30000000000000004,-135.7615500145386
0.010000000000000002,0.95,0.35,-136.41688105389522
0.010000000000000002,0.95,0.4,-135.50181859359975
0.010000000000000002,0.95,0.45000000000000007,-136.56897824008064
0.010000000000000002,0.95,0.5,-136.33884813043375
0.010000000000000002,0.95,0.55,-136.41410901712607
0.010000000000000002,0.95,0.6,-136.2823451944921
0.010000000000000002,1,0.1,-141.20628879929637
0.010000000000000002,1,0.15000000000000002,-139.30241807785688
0.010000000000000002,1,0.2,-135.79058503865627
0.010000000000000002,1,0.25,-135.25351866828368
0.010000000000000002,1,0.30000000000000004,-135.9781538867823
0.010000000000000002,1,0.35,-136.23079234968725
0.010000000000000002,1,0.4,-135.45707465982622
0.010000000000000002,1,0.45000000000000007,-136.169553469675
0.010000000000000002,1,0.5,-136.56297378390724
0.010000000000000002,1,0.55,-136.39330685541057
0.010000000000000002,1,0.6,-136.12847543031802
0.011,0.5,0.1,-152.56811819028462
0.011,0.5,0.15000000000000002,-144.52459748177483
0.011,0.5,0.2,-143.34571565015727
0.011,0.5,0.25,-142.10902402675424
0.011,0.5,0.30000000000000004,-139.35327561914943
0.011,0.5,0.35,-138.76938503092657
0.011,0.5,0.4,-139.455919621796
0.011,0.5,0.45000000000000007,-138.68149951559525
0.011,0.5,0.5,-137.94919779927142
0.011,0.5,0.55,-138.72697294291015
0.011,0.5,0.6,-138.29115119881925
0.011,0.55,0.1,-149.6378106212216
0.011,0.55,0.15000000000000002,-144.2292204835491
0.011,0.55,0.2,-140.3624818779204
0.011,0.55,0.25,-138.54705633829127
0.011,0.55,0.30000000000000004,-138.65263378713246
0.011,0.55,0.35,-139.0022841131247
0.011,0.55,0.4,-138.77616132435594
0.011,0.55,0.45000000000000007,-139.49679635869126
0.011,0.55,0.5,-139.06782894674222
0.011,0.55,0.55,-139.7603154117984
0.011,0.55,0.6,-137.78963333146424
0.011,0.6,0.1,-148.34582517046562
0.011,0.6,0.15000000000000002,-144.6471829542183
0.011,0.6,0.2,-139.81136527052797
0.011,0.6,0.25,-139.095850743315
0.011,0.6,0.30000000000000004,-138.97732606090136
0.011,0.6,0.35,-138.20861290051442
0.011,0.6,0.4,-138.63455022501142
0.011,0.6,0.45000000000000007,-138.84428557229336
0.011,0.6,0.5,-138.27862493325966
0.011,0.6,0.55,-138.51674455286752
0.011,0.6,0.6,-138.30028061285788
0.011,0.65,0.1,-146.4262681202693
0.011,0.65,0.15000000000000002,-142.64040379487363
0.011,0.65,0.2,-140.1555990063015
0.011,0.65,0.25,-139.3933075424564
0.011,0.65,0.30000000000000004,-138.85578607906814
0.011,0.65,0.35,-138.65167149806155
0.011,0.65,0.4,-138.281328617749
0.011,0.65,0.45000000000000007,-138.87300565369435
0.011,0.65,0.5,-138.38775974934572
0.011,0.65,0.55,-136.87118150817992
0.011,0.65,0.6,-137.27554998004842
0.011,0.7,0.1,-146.10315967402505
0.011,0.7,0.15000000000000002,-141.85913215759814
0.011,0.7,0.2,-140.31721568514797
0.011,0.7,0.25,-139.08230219868585
0.011,0.7,0.30000000000000004,-138.16041174952454
0.011,0.7,0.35,-137.22365247903815
0.011,0.7,0.4,-137.06619187588257
0.011,0.7,0.45000000000000007,-137.9351007872225
0.011,0.7,0.5,-137.5498502677102
0.011,0.7,0.55,-137.94249654199353
0.011,0.7,0.6,-139.7171556344777
0.011,0.75,0.1,-146.0045930560746
0.011,0.75,0.15000000000000002,-140.4503083725495
0.011,0.75,0.2,-138.66447109726414
0.011,0.75,0.25,-138.43479402864563
0.011,0.75,0.30000000000000004,-137.66277867514026
0.011,0.75,0.35,-137.58422757746916
0.011,0.75,0.4,-138.47474651303742
0.011,0.75,0.45000000000000007,-138.1275416336544
0.011,0.75,0.5,-137.7755458439985
0.011,0.75,0.55,-138.0717311730864
0.011,0.75,0.6,-138.44805251584404
0.011,0.8,0.1,-146.34882286573304
0.011,0.8,0.15000000000000002,-142.63420048692797
0.011,0.8,0.2,-138.58785674959069
0.011,0.8,0.25,-137.52628811403707
0.011,0.8,0.30000000000000004,-136.6713081047845
0.011,0.8,0.35,-135.99021634327556
0.011,0.8,0.4,-137.1025511300142
0.011,0.8,0.45000000000000007,-136.65757049094645
0.011,0.8,0.5,-137.43996121023986
0.011,0.8,0.55,-137.4648204668398
0.011,0.8,0.6,-137.99432826468978
0.011,0.8500000000000001,0.1,-146.23263075732063
0.011,0.8500000000000001,0.15000000000000002,-140.7105931745777
0.011,0.8500000000000001,0.2,-139.0125545886287
0.011,0.8500000000000001,0.25,-137.57093474890974
0.011,0.8500000000000001,0.30000000000000004,-137.88192889928604
0.011,0.8500000000000001,0.35,-136.7266244092283
0.011,0.8500000000000001,0.4,-136.54010938950273
0.011,0.8500000000000001,0.45000000000000007,-136.9245054047878
0.011,0.8500000000000001,0.5,-136.8999954709858
0.011,0.8500000000000001,0.55,-137.48088478891248
0.011,0.8500000000000001,0.6,-138.2129870047769
0.011,0.9,0.1,-144.10533553769568
0.011,0.9,0.15000000000000002,-140.28467000766477
0.011,0.9,0.2,-138.99282574867942
0.011,0.9,0.25,-138.63840292002914
0.011,0.9,0.30000000000000004,-136.686585510329
0.011,0.9,0.35,-137.08535636525556
0.011,0.9,0.4,-137.20992993453154
0.011,0.9,0.45000000000000007,-136.3544428074049
0.011,0.9,0.5,-136.30856173697873
0.011,0.9,0.55,-137.36128168695592
0.011,0.9,0.6,-137.79748530052058
0.011,0.95,0.1,-142.0007311237552
0.011,0.95,0.15000000000000002,-139.21682311185225
0.011,0.95,0.2,-137.9835456159538
0.011,0.95,0.25,-136.80899923062054
0.011,0.95,0.30000000000000004,-136.77078092483026
0.011,0.95,0.35,-137.10226583310464
0.011,0.95,0.4,-136.8902412083434
0.011,0.95,0.45000000000000007,-136.43476902725047
0.011,0.95,0.5,-136.9054940057518
0.011,0.95,0.55,-136.60378800600176
0.011,0.95,0.6,-137.35040154897484
0.011,1,0.1,-139.98386411593697
0.011,1,0.15000000000000002,-138.88422645023013
0.011,1,0.2,-137.3330077696388
0.011,1,0.25,-136.38585043300765
0.011,1,0.30000000000000004,-135.73423141429134
0.011,1,0.35,-136.537339843287
0.011,1,0.4,-136.6397350654256
0.011,1,0.45000000000000007,-137.3078231047652
0.011,1,0.5,-137.49679302702089
0.011,1,0.55,-135.60930999957287
0.011,1,0.6,-136.6365523530411
0.012,0.5,0.1,-152.9363429666704
0.012,0.5,0.15000000000000002,-149.76752089692883
0.012,0.5,0.2,-142.2709237446141
0.012,0.5,0.25,-142.4067133478564
0.012,0.5,0.30000000000000004,-141.18912290645522
0.012,0.5,0.35,-140.46273162171883
0.012,0.5,0.4,-139.74074703606982
0.012,0.5,0.45000000000000007,-140.30462578741748
0.012,0.5,0.5,-139.8984494315548
0.012,0.5,0.55,-140.7442554000375
0.012,0.5,0.6,-140.0784162277427
0.012,0.55,0.1,-148.43983200897867
0.012,0.55,0.15000000000000002,-144.09063303548663
0.012,0.55,0.2,-142.4976053433
0.012,0.55,0.25,-141.34483999569414
0.012,0.55,0.30000000000000004,-141.36253932830402
0.012,0.55,0.35,-139.7707368732548
0.012,0.55,0.4,-139.2397646877739
0.012,0.55,0.45000000000000007,-139.90252593932297
0.012,0.55,0.5,-139.25512638455103
0.012,0.55,0.55,-139.81132468840468
0.012,0.55,0.6,-138.69764247635584
0.012,0.6,0.1,-148.62525478742123
0.012,0.6,0.15000000000000002,-144.285364949972
0.012,0.6,0.2,-139.92646483229237
0.012,0.6,0.25,-141.62561411447598
0.012,0.6,0.30000000000000004,-139.66457757496437
0.012,0.6,0.35,-138.72628857055105
0.012,0.6,0.4,-138.43193109714207
0.012,0.6,0.45000000000000007,-138.3070500838503
0.012,0.6,0.5,-139.47778689467452
0.012,0.6,0.55,-138.4408529456067
0.012,0.6,0.6,-138.53562110449104
0.012,0.65,0.1,-146.25001042842206
0.012,0.65,0.15000000000000002,-142.9242148704019
0.012,0.65,0.2,-142.45731192746354
0.012,0.65,0.25,-138.83085800167038
0.012,0.65,0.30000000000000004,-139.38365927791057
0.012,0.65,0.35,-138.534744690919
0.012,0.65,0.4,-138.7764519280389
0.012,0.65,0.45000000000000007,-138.8537925287202
0.012,0.65,0.5,-139.26586988456916
0.012,0.65,0.55,-138.94633808786182
0.012,0.65,0.6,-139.0358144404329
0.012,0.7,0.1,-147.2567609044928
0.012,0.7,0.15000000000000002,-140.7464204093656
0.012,0.7,0.2,-141.29245176949246
0.012,0.7,0.25,-139.33526834392381
0.012,0.7,0.30000000000000004,-138.6579110527776
0.012,0.7,0.35,-141.06030881942382
0.012,0.7,0.4,-137.38492047522988
0.012,0.7,0.45000000000000007,-139.13759482696298
0.012,0.7,0.5,-138.61426830823865
0.012,0.7,0.55,-138.86380757230876
0.012,0.7,0.6,-138.55663102659327
0.012,0.75,0.1,-149.56693285161896
0.012,0.75,0.15000000000000002,-142.68430483942961
0.012,0.75,0.2,-141.26438894135117
0.012,0.75,0.25,-139.30768544027836
0.012,0.75,0.30000000000000004,-137.8684966894848
0.012,0.75,0.35,-137.53984424169045
0.012,0.75,0.4,-138.16383520479576
0.012,0.75,0.45000000000000007,-139.048085172031
0.012,0.75,0.5,-139.16283591382972
0.012,0.75,0.55,-137.8130696622792
0.012,0.75,0.6,-138.26959737127942
0.012,0.8,0.1,-145.69165548967527
0.012,0.8,0.15000000000000002,-143.63945650474767
0.012,0.8,0.2,-139.96143765149395
0.012,0.8,0.25,-138.509146917936
0.012,0.8,0.30000000000000004,-138.4883415894177
0.012,0.8,0.35,-138.0822375661532
0.012,0.8,0.4,-137.92426731110334
0.012,0.8,0.45000000000000007,-137.41853219805387
0.012,0.8,0.5,-137.86651547611427
0.012,0.8,0.55,-138.6469205872716
0.012,0.8,0.6,-138.8502973661178
0.012,0.8500000000000001,0.1,-144.86529434508907
0.012,0.8500000000000001,0.15000000000000002,-140.1282632874054
0.012,0.8500000000000001,0.2,-139.9997576740837
0.012,0.8500000000000001,0.25,-137.34628562257342
0.012,0.8500000000000001,0.30000000000000004,-137.26055069576176
0.012,0.8500000000000001,0.35,-137.39092459806955
0.012,0.8500000000000001,0.4,-136.80519544259448
0.012,0.8500000000000001,0.45000000000000007,-138.8349226407754
0.012,0.8500000000000001,0.5,-138.34077470235502
0.012,0.8500000000000001,0.55,-137.84272376174698
0.012,0.8500000000000001,0.6,-137.81089552219396
0.012,0.9,0.1,-143.58325172280541
0.012,0.9,0.15000000000000002,-142.1269957770005
0.012,0.9,0.2,-137.63588908330075
0.012,0.9,0.25,-137.46034227012916
0.012,0.9,0.30000000000000004,-136.5853342228063
0.012,0.9,0.35,-137.0855029256516
0.012,0.9,0.4,-137.57899276822877
0.012,0.9,0.45000000000000007,-136.85077431355955
0.012,0.9,0.5,-137.46809841056688
0.012,0.9,0.55,-139.1045111753071
0.012,0.9,0.6,-137.75027125804792
0.012,0.95,0.1,-144.40393739899298
0.012,0.95,0.15000000000000002,-140.31930093469947
0.012,0.95,0.2,-139.15290395048066
0.012,0.95,0.25,-138.01279981776145
0.012,0.95,0.30000000000000004,-138.29320179471682
0.012,0.95,0.35,-137.11736332300387
0.012,0.95,0.4,-138.04446914549237
0.012,0.95,0.45000000000000007,-137.60519842027946
0.012,0.95,0.5,-136.9736034751411
0.012,0.95,0.55,-138.63338443630215
0.012,0.95,0.6,-138.03786167713508
0.012,1,0.1,-143.80366746054773
0.012,1,0.15000000000000002,-138.79503513968325
0.012,1,0.2,-137.4330887671045
0.012,1,0.25,-137.79327200049005
0.012,1,0.30000000000000004,-137.7080895235875
0.012,1,0.35,-136.70194990407055
0.012,1,0.4,-136.39495838310648
0.012,1,0.45000000000000007,-137.74038652975446
0.012,1,0.5,-137.7702629724443
0.012,1,0.55,-137.9048345172277
0.012,1,0.6,-137.68253401418502
0.013000000000000001,0.5,0.1,-153.62861280888353
0.013000000000000001,0.5,0.15000000000000002,-143.93800918572703
0.013000000000000001,0.5,0.2,-142.49152402101151
0.013000000000000001,0.5,0.25,-142.52767279947307
0.013000000000000001,0.5,0.30000000000000004,-141.4342891261951
0.013000000000000001,0.5,0.35,-141.6491710668593
0.013000000000000001,0.5,0.4,-142.89422237563696
0.013000000000000001,0.5,0.45000000000000007,-142.6364962005407
0.013000000000000001,0.5,0.5,-140.13507535354495
0.013000000000000001,0.5,0.55,-141.2001349231311
0.013000000000000001,0.5,0.6,-139.96017094003594
0.013000000000000001,0.55,0.1,-195.8245719313843
0.013000000000000001,0.55,0.15000000000000002,-149.27237543466657
0.013000000000000001,0.55,0.2,-141.92727162111385
0.013000000000000001,0.55,0.25,-143.81992650680672
0.013000000000000001,0.55,0.30000000000000004,-141.8679727759814
0.013000000000000001,0.55,0.35,-142.87711944476342
0.013000000000000001,0.55,0.4,-140.68171782738818
0.013000000000000001,0.55,0.45000000000000007,-140.02967087481989
0.013000000000000001,0.55,0.5,-140.99708834604246
0.013000000000000001,0.55,0.55,-139.54862101625264
0.013000000000000001,0.55,0.6,-141.2179897518202
0.013000000000000001,0.6,0.1,-152.7590245549099
0.013000000000000001,0.6,0.15000000000000002,-143.42358561539533
0.013000000000000001,0.6,0.2,-142.2405595166117
0.013000000000000001,0.6,0.25,-141.41907935734093
0.013000000000000001,0.6,0.30000000000000004,-143.21697228793164
0.013000000000000001,0.6,0.35,-140.71341700756489
0.013000000000000001,0.6,0.4,-139.41040783960818
0.013000000000000001,0.6,0.45000000000000007,-140.5410285696974
0.013000000000000001,0.6,0.5,-139.7974363332005
0.013000000000000001,0.6,0.55,-139.94562261631205
0.013000000000000001,0.6,0.6,-138.91516981196668
0.013000000000000001,0.65,0.1,-145.53989277153164
0.013000000000000001,0.65,0.15000000000000002,-145.04069314527078
0.013000000000000001,0.65,0.2,-142.27739574528766
0.013000000000000001,0.65,0.25,-140.61454542856
0.013000000000000001,0.65,0.30000000000000004,-140.7528472449104
0.013000000000000001,0.65,0.35,-139.49417889982004
0.013000000000000001,0.65,0.4,-140.2427573962524
0.013000000000000001,0.65,0.45000000000000007,-139.21264433982589
0.013000000000000001,0.65,0.5,-139.5808529689416
0.013000000000000001,0.65,0.55,-140.68584215858726
0.013000000000000001,0.65,0.6,-138.3426911183612
0.013000000000000001,0.7,0.1,-145.75051301220822
0.013000000000000001,0.7,0.15000000000000002,-142.93499371071636
0.013000000000000001,0.7,0.2,-141.60967895511448
0.013000000000000001,0.7,0.25,-139.40572639328144
0.013000000000000001,0.7,0.30000000000000004,-139.42014257279374
0.013000000000000001,0.7,0.35,-138.97689541667967
0.013000000000000001,0.7,0.4,-139.68689202985826
0.013000000000000001,0.7,0.45000000000000007,-139.0525003508369
0.013000000000000001,0.7,0.5,-139.9352614899472
0.013000000000000001,0.7,0.55,-139.30616044425335
0.013000000000000001,0.7,0.6,-140.81405277697274
0.013000000000000001,0.75,0.1,-145.53090543127593
0.013000000000000001,0.75,0.15000000000000002,-142.99314450046376
0.013000000000000001,0.75,0.2,-140.19226854453098
0.013000000000000001,0.75,0.25,-139.51213703738205
0.013000000000000001,0.75,0.30000000000000004,-139.92413804776555
0.013000000000000001,0.75,0.35,-139.9260988875203
0.013000000000000001,0.75,0.4,-139.1208800810433
0.013000000000000001,0.75,0.45000000000000007,-138.25235329362863
0.013000000000000001,0.75,0.5,-139.2682288432012
0.013000000000000001,0.75,0.55,-138.8053116643365
0.013000000000000001,0.75,0.6,-139.33965694907516
0.013000000000000001,0.8,0.1,-147.04376544512536
0.013000000000000001,0.8,0.15000000000000002,-141.60903589912033
0.013000000000000001,0.8,0.2,-140.36265891743932
0.013000000000000001,0.8,0.25,-139.27247351317737
0.013000000000000001,0.8,0.30000000000000004,-139.96683010135297
0.013000000000000001,0.8,0.35,-138.79446802376037
0.013000000000000001,0.8,0.4,-140.32638853932121
0.013000000000000001,0.8,0.45000000000000007,-138.93005581655024
0.013000000000000001,0.8,0.5,-139.05137359907798
0.013000000000000001,0.8,0.55,-139.29895360171844
0.013000000000000001,0.8,0.6,-139.6959835772144
0.013000000000000001,0.8500000000000001,0.1,-144.39747248431746
0.013000000000000001,0.8500000000000001,0.15000000000000002,-143.72800003039595
0.013000000000000001,0.8500000000000001,0.2,-140.58365554130535
0.013000000000000001,0.8500000000000001,0.25,-140.34825068132608
0.013000000000000001,0.8500000000000001,0.30000000000000004,-140.50309066278624
0.013000000000000001,0.8500000000000001,0.35,-139.3490706846231
0.013000000000000001,0.8500000000000001,0.4,-138.384872041424
0.013000000000000001,0.8500000000000001,0.45000000000000007,-138.19989824218385
0.013000000000000001,0.8500000000000001,0.5,-138.68833290087548
0.013000000000000001,0.8500000000000001,0.55,-138.5173476791785
0.013000000000000001,0.8500000000000001,0.6,-139.27058520333026
0.013000000000000001,0.9,0.1,-146.7310741451813
0.013000000000000001,0.9,0.15000000000000002,-139.6236301824925
0.013000000000000001,0.9,0.2,-138.2274516073237
0.013000000000000001,0.9,0.25,-139.52230860308322
0.013000000000000001,0.9,0.30000000000000004,-138.25890491724078
0.013000000000000001,0.9,0.35,-137.76494027716086
0.013000000000000001,0.9,0.4,-139.36840463561566
0.013000000000000001,0.9,0.45000000000000007,-139.15922380788976
0.013000000000000001,0.9,0.5,-139.51732967399568
0.013000000000000001,0.9,0.55,-139.5170624210279
0.013000000000000001,0.9,0.6,-139.24553423067317
0.013000000000000001,0.95,0.1,-159.09358047086818
0.013000000000000001,0.95,0.15000000000000002,-139.97120317856712
0.013000000000000001,0.95,0.2,-139.72552144043055
0.013000000000000001,0.95,0.25,-138.8208575368228
0.013000000000000001,0.95,0.30000000000000004,-140.31740977262655
0.013000000000000001,0.95,0.35,-138.86198946118714
0.013000000000000001,0.95,0.4,-136.63759091967955
0.013000000000000001,0.95,0.45000000000000007,-137.97538935413786
0.013000000000000001,0.95,0.5,-137.27074995305458
0.013000000000000001,0.95,0.55,-138.41098035727214
0.013000000000000001,0.95,0.6,-139.0263086400439
0.013000000000000001,1,0.1,-153.83038845123417
0.013000000000000001,1,0.15000000000000002,-139.905455770713
0.013000000000000001,1,0.2,-139.32865256885333
0.013000000000000001,1,0.25,-138.8182946913028
0.013000000000000001,1,0.30000000000000004,-138.7797617296937
0.013000000000000001,1,0.35,-138.63126971941233
0.013000000000000001,1,0.4,-138.49570971588054
0.013000000000000001,1,0.45000000000000007,-138.73479166913665
0.013000000000000001,1,0.5,-139.52560729074878
0.013000000000000001,1,0.55,-137.97640181512708
0.013000000000000001,1,0.6,-137.77021930298503
0.014000000000000002,0.5,0.1,-151.4724932626529
0.014000000000000002,0.5,0.15000000000000002,-150.69984848700733
0.014000000000000002,0.5,0.2,-145.74932045948805
0.014000000000000002,0.5,0.25,-146.5163011049961
0.014000000000000002,0.5,0.30000000000000004,-141.48580896495827
0.014000000000000002,0.5,0.35,-141.8643371670667
0.014000000000000002,0.5,0.4,-141.97190065875492
0.014000000000000002,0.5,0.45000000000000007,-142.38726098269137
0.014000000000000002,0.5,0.5,-139.8932221963168
0.014000000000000002,0.5,0.55,-141.6237475833007
0.014000000000000002,0.5,0.6,-140.7052205081829
0.014000000000000002,0.55,0.1,-155.75071051503113
0.014000000000000002,0.55,0.15000000000000002,-147.69118028777558
0.014000000000000002,0.55,0.2,-144.26481826625286
0.014000000000000002,0.55,0.25,-142.30872210089376
0.014000000000000002,0.55,0.30000000000000004,-142.0147637905721
0.014000000000000002,0.55,0.35,-141.7665972268324
0.014000000000000002,0.55,0.4,-141.71019569651986
0.014000000000000002,0.55,0.45000000000000007,-141.9887464027439
0.014000000000000002,0.55,0.5,-140.49648318233398
0.014000000000000002,0.55,0.55,-140.64452362208357
0.014000000000000002,0.55,0.6,-141.1964360354566
0.014000000000000002,0.6,0.1,-149.65657877875122
0.014000000000000002,0.6,0.15000000000000002,-150.24261616702466
0.014000000000000002,0.6,0.2,-143.78221882865108
0.014000000000000002,0.6,0.25,-141.67301474223223
0.014000000000000002,0.6,0.30000000000000004,-141.94266568827175
0.014000000000000002,0.6,0.35,-140.2144686925015
0.014000000000000002,0.6,0.4,-142.25441925975952
0.014000000000000002,0.6,0.45000000000000007,-140.50522768309713
0.014000000000000002,0.6,0.5,-141.5222442195473
0.014000000000000002,0.6,0.55,-141.60054538976397
0.014000000000000002,0.6,0.6,-139.80833369255805
0.014000000000000002,0.65,0.1,-153.48983633216613
0.014000000000000002,0.65,0.15000000000000002,-147.8295284591012
0.014000000000000002,0.65,0.2,-140.94361277766353
0.014000000000000002,0.65,0.25,-142.56313201428856
0.014000000000000002,0.65,0.30000000000000004,-141.01053417042374
0.014000000000000002,0.65,0.35,-140.9099251370355
0.014000000000000002,0.65,0.4,-140.05266982614773
0.014000000000000002,0.65,0.45000000000000007,-140.17985129670745
0.014000000000000002,0.65,0.5,-139.66016781896099
0.014000000000000002,0.65,0.55,-139.67871265248374
0.014000000000000002,0.65,0.6,-140.37933782486004
0.014000000000000002,0.7,0.1,-164.9140466230054
0.014000000000000002,0.7,0.15000000000000002,-143.57489739085423
0.014000000000000002,0.7,0.2,-140.47627044966868
0.014000000000000002,0.7,0.25,-141.61382420659817
0.014000000000000002,0.7,0.30000000000000004,-140.8494505174292
0.014000000000000002,0.7,0.35,-141.05336324238897
0.014000000000000002,0.7,0.4,-140.7304146986378
0.014000000000000002,0.7,0.45000000000000007,-140.0401620877538
0.014000000000000002,0.7,0.5,-139.0222623605389
0.014000000000000002,0.7,0.55,-139.25778421303357
0.014000000000000002,0.7,0.6,-140.46951580379806
0.014000000000000002,0.75,0.1,-148.70959555372247
0.014000000000000002,0.75,0.15000000000000002,-142.39605235123457
0.014000000000000002,0.75,0.2,-141.62016692516477
0.014000000000000002,0.75,0.25,-140.42375251609587
0.014000000000000002,0.75,0.30000000000000004,-139.46919292326544
0.014000000000000002,0.75,0.35,-140.42252683160336
0.014000000000000002,0.75,0.4,-140.9742001573801
0.014000000000000002,0.75,0.45000000000000007,-139.2394367962507
0.014000000000000002,0.75,0.5,-140.11203589252443
0.014000000000000002,0.75,0.55,-140.1997125708486
0.014000000000000002,0.75,0.6,-140.57502802999903
0.014000000000000002,0.8,0.1,-149.63834410322823
0.014000000000000002,0.8,0.15000000000000002,-143.51128277033808
0.014000000000000002,0.8,0.2,-141.51968737034588
0.014000000000000002,0.8,0.25,-140.86677721505805
0.014000000000000002,0.8,0.30000000000000004,-140.11000467329745
0.014000000000000002,0.8,0.35,-139.17028849943148
0.014000000000000002,0.8,0.4,-139.72677722757976
0.014000000000000002,0.8,0.45000000000000007,-139.3729830075501
0.014000000000000002,0.8,0.5,-140.5010017237662
0.014000000000000002,0.8,0.55,-140.32447675486748
0.014000000000000002,0.8,0.6,-141.12780418621236
0.014000000000000002,0.8500000000000001,0.1,-145.7359741298987
0.014000000000000002,0.8500000000000001,0.15000000000000002,-145.91216418372227
0.014000000000000002,0.8500000000000001,0.2,-141.69332386670408
0.014000000000000002,0.8500000000000001,0.25,-140.48660152814438
0.014000000000000002,0.8500000000000001,0.30000000000000004,-139.9148957499557
0.014000000000000002,0.8500000000000001,0.35,-139.84651718682738
0.014000000000000002,0.8500000000000001,0.4,-139.69216272022226
0.014000000000000002,0.8500000000000001,0.45000000000000007,-140.1468382678401
0.014000000000000002,0.8500000000000001,0.5,-139.79383506403985
0.014000000000000002,0.8500000000000001,0.55,-138.61686654252856
0.014000000000000002,0.8500000000000001,0.6,-139.95475172164805
0.014000000000000002,0.9,0.1,-143.33128145856637
0.014000000000000002,0.9,0.15000000000000002,-141.08510871679613
0.014000000000000002,0.9,0.2,-141.32059635758412
0.014000000000000002,0.9,0.25,-139.7194069135436
0.014000000000000002,0.9,0.30000000000000004,-139.8180076798776
0.014000000000000002,0.9,0.35,-138.7584641316452
0.014000000000000002,0.9,0.4,-138.9835581599699
0.014000000000000002,0.9,0.45000000000000007,-139.0271378264291
0.014000000000000002,0.9,0.5,-139.30557762972552
0.014000000000000002,0.9,0.55,-139.4677442328661
0.014000000000000002,0.9,0.6,-139.50818939321965
0.014000000000000002,0.95,0.1,-145.66512047224938
0.014000000000000002,0.95,0.15000000000000002,-140.30485008411796
0.014000000000000002,0.95,0.2,-140.09326930085956
0.014000000000000002,0.95,0.25,-139.3862067564088
0.014000000000000002,0.95,0.30000000000000004,-139.85163471517382
0.014000000000000002,0.95,0.35,-140.0439870219363
0.014000000000000002,0.95,0.4,-139.93940348784787
0.014000000000000002,0.95,0.45000000000000007,-139.28838806952075
0.014000000000000002,0.95,0.5,-139.77255686849287
0.014000000000000002,0.95,0.55,-139.90660782485202
0.014000000000000002,0.95,0.6,-139.1740114358497
0.014000000000000002,1,0.1,-143.04722422791804
0.014000000000000002,1,0.15000000000000002,-141.8022536908888
0.014000000000000002,1,0.2,-139.4846233870577
0.014000000000000002,1,0.25,-139.69531432728286
0.014000000000000002,1,0.30000000000000004,-138.9058231017093
0.014000000000000002,1,0.35,-138.27623192771182
0.014000000000000002,1,0.4,-138.0733664411091
0.014000000000000002,1,0.45000000000000007,-139.2417268243405
0.014000000000000002,1,0.5,-138.4083667522184
0.014000000000000002,1,0.55,-138.41554023635666
0.014000000000000002,1,0.6,-139.71207457414005
0.015,0.5,0.1,-154.59246139800211
0.015,0.5,0.15000000000000002,-149.2791501275749
0.015,0.5,0.2,-145.60106985500101
0.015,0.5,0.25,-149.84527978769364
0.015,0.5,0.30000000000000004,-144.3156576627381
0.015,0.5,0.35,-143.24736230057198
0.015,0.5,0.4,-143.00927330701433
0.015,0.5,0.45000000000000007,-142.50435863889953
0.015,0.5,0.5,-141.96338428689643
0.015,0.5,0.55,-142.5315452320947
0.015,0.5,0.6,-142.94900764598015
0.015,0.55,0.1,-152.4367097840336
0.015,0.55,0.15000000000000002,-151.30743194732736
0.015,0.55,0.2,-144.12777387256773
0.015,0.55,0.25,-144.44207073370399
0.015,0.55,0.30000000000000004,-142.6755422187734
0.015,0.55,0.35,-141.93954760763722
0.015,0.55,0.4,-142.02667622555276
0.015,0.55,0.45000000000000007,-141.7474166125557
0.015,0.55,0.5,-141.14289141057844
0.015,0.55,0.55,-142.10728180959853
0.015,0.55,0.6,-141.0376824162866
0.015,0.6,0.1,-153.93335691980775
0.015,0.6,0.15000000000000002,-146.95421599922145
0.015,0.6,0.2,-143.68673044563502
0.015,0.6,0.25,-142.87053250667617
0.015,0.6,0.30000000000000004,-142.07533446018698
0.015,0.6,0.35,-142.72283056304138
0.015,0.6,0.4,-141.0199340267588
0.015,0.6,0.45000000000000007,-143.3631879671396
0.015,0.6,0.5,-141.67878480295366
0.015,0.6,0.55,-141.21725798033674
0.015,0.6,0.6,-140.9707009435682
0.015,0.65,0.1,-155.23944018100082
0.015,0.65,0.15000000000000002,-145.54800474025342
0.015,0.65,0.2,-144.26800600907893
0.015,0.65,0.25,-141.97166215712355
0.015,0.65,0.30000000000000004,-142.32254099684724
0.015,0.65,0.35,-140.91421487944126
0.015,0.65,0.4,-141.0432111383971
0.015,0.65,0.45000000000000007,-140.93720935736627
0.015,0.65,0.5,-141.86068498320788
0.015,0.65,0.55,-140.6208455725195
0.015,0.65,0.6,-140.6287743680627
0.015,0.7,0.1,-154.66515250247357
0.015,0.7,0.15000000000000002,-145.9840270043996
0.015,0.7,0.2,-141.62562993512518
0.015,0.7,0.25,-141.7329062889042
0.015,0.7,0.30000000000000004,-143.82664719772987
0.015,0.7,0.35,-140.57606760024316
0.015,0.7,0.4,-140.28596172549447
0.015,0.7,0.45000000000000007,-140.22791679344004
0.015,0.7,0.5,-140.23288872022857
0.015,0.7,0.55,-140.82347991632565
0.015,0.7,0.6,-141.860780343842
0.015,0.75,0.1,-152.62916637766153
0.015,0.75,0.15000000000000002,-144.48727003124282
0.015,0.75,0.2,-143.52343126483225
0.015,0.75,0.25,-141.25289832673565
0.015,0.75,0.30000000000000004,-140.0019225791355
0.015,0.75,0.35,-140.84699629600124
0.015,0.75,0.4,-140.1358422970937
0.015,0.75,0.45000000000000007,-141.41259060540233
0.015,0.75,0.5,-140.5371346872965
0.015,0.75,0.55,-140.31459003968985
0.015,0.75,0.6,-141.75944542993568
0.015,0.8,0.1,-149.0600743157271
0.015,0.8,0.15000000000000002,-144.0419984634999
0.015,0.8,0.2,-142.4986959557537
0.015,0.8,0.25,-140.15062835621472
0.015,0.8,0.30000000000000004,-140.2616946375975
0.015,0.8,0.35,-140.247624448438
0.015,0.8,0.4,-139.73728911906
0.015,0.8,0.45000000000000007,-139.16667764907504
0.015,0.8,0.5,-140.06884730992067
0.015,0.8,0.55,-140.33875600733063
0.015,0.8,0.6,-140.52083007817555
0.015,0.8500000000000001,0.1,-144.70686385308943
0.015,0.8500000000000001,0.15000000000000002,-143.80066140298237
0.015,0.8500000000000001,0.2,-141.7382885662114
0.015,0.8500000000000001,0.25,-140.66067336432775
0.015,0.8500000000000001,0.30000000000000004,-140.3447077305742
0.015,0.8500000000000001,0.35,-140.38906672793047
0.015,0.8500000000000001,0.4,-140.71427462498343
0.015,0.8500000000000001,0.45000000000000007,-139.760707819164
0.015,0.8500000000000001,0.5,-139.932642261527
0.015,0.8500000000000001,0.55,-139.53839683550285
0.015,0.8500000000000001,0.6,-140.85837403415968
0.015,0.9,0.1,-143.42848090695992
0.015,0.9,0.15000000000000002,-143.54790568225263
0.015,0.9,0.2,-141.3772386464616
0.015,0.9,0.25,-139.8984835377878
0.015,0.9,0.30000000000000004,-140.9188585097333
0.015,0.9,0.35,-139.61464502393238
0.015,0.9,0.4,-139.58843367704281
0.015,0.9,0.45000000000000007,-139.85637855881015
0.015,0.9,0.5,-139.63590337377877
0.015,0.9,0.55,-140.59359682399798
0.015,0.9,0.6,-140.22176383579773
0.015,0.95,0.1,-146.03860595232322
0.015,0.95,0.15000000000000002,-141.043175703938
0.015,0.95,0.2,-140.04777384760825
0.015,0.95,0.25,-139.79356832076695
0.015,0.95,0.30000000000000004,-140.0404245815879
0.015,0.95,0.35,-140.5106914922236
0.015,0.95,0.4,-140.09173021613884
0.015,0.95,0.45000000000000007,-140.10970190106423
0.015,0.95,0.5,-139.27105650083502
0.015,0.95,0.55,-140.19388612969362
0.015,0.95,0.6,-139.50284321205032
0.015,1,0.1,-146.1675446963897
0.015,1,0.15000000000000002,-141.00953552548714
0.015,1,0.2,-140.42379653284314
0.015,1,0.25,-140.54191015267168
0.015,1,0.30000000000000004,-139.74530386109615
0.015,1,0.35,-140.22118990523182
0.015,1,0.4,-139.5302601809077
0.015,1,0.45000000000000007,-139.14717851375764
0.015,1,0.5,-139.79152920817182
0.015,1,0.55,-139.11515623828944
0.015,1,0.6,-140.4318430917936
